名前,性別
大雅,男
すが,男
けいじゅ,男
まなと,男
のぞむ,男
だい,男
けんせい,男
渡辺,男
あい,女
うえの,女
こま,女
ふう,女
みらん,女
たくみ,男
りょうた,男
しょうた,男
ゆうた,男
たいち,男
はると,男
けんた,男
そうた,男
だいすけ,男
りく,男
ひなた,男
しゅん,男
こうた,男
れん,男
れい,女
さくら,女
ほのか,女
りん,女
ゆかり,女
ゆい,女
りお,女
あやか,女
ななみ,女
みゆ,女
りか,女
みほ,女
かすみ,女
大雅,男
すが,男
けいじゅ,男
まなと,男
のぞむ,男
だい,男
けんせい,男
渡辺,男
あい,女
うえの,女
こま,女
ふう,女
みらん,女
たくみ,男
りょうた,男
しょうた,男
ゆうた,男
たいち,男
はると,男
けんた,男
そうた,男
だいすけ,男
りく,男
ひなた,男
しゅん,男
こうた,男
れん,男
れい,女
さくら,女
ほのか,女
りん,女
ゆかり,女
ゆい,女
りお,女
あやか,女
ななみ,女
みゆ,女
りか,女
みほ,女
大雅,男
すが,男
けいじゅ,男
まなと,男
のぞむ,男
だい,男
けんせい,男
渡辺,男
あい,女
うえの,女
こま,女
ふう,女
みらん,女
たくみ,男
りょうた,男
しょうた,男
ゆうた,男
たいち,男
はると,男
けんた,男
そうた,男
だいすけ,男
りく,男
ひなた,男
しゅん,男
こうた,男
れん,男
れい,女
さくら,女
ほのか,女
りん,女
ゆかり,女
ゆい,女
りお,女
あやか,女
ななみ,女
みゆ,女
りか,女
みほ,女
かすみ,女
大雅,男
すが,男
けいじゅ,男
まなと,男
のぞむ,男
だい,男
けんせい,男
渡辺,男
あい,女
うえの,女
こま,女
ふう,女
みらん,女
たくみ,男
りょうた,男
しょうた,男
ゆうた,男
たいち,男
はると,男
けんた,男
そうた,男
だいすけ,男
りく,男
ひなた,男
しゅん,男
こうた,男
れん,男
れい,女
さくら,女
ほのか,女
りん,女
ゆかり,女
ゆい,女
りお,女
あやか,女
ななみ,女
みゆ,女
りか,女
みほ,女
かすみ,女
大雅,男
すが,男
けいじゅ,男
まなと,男
のぞむ,男
だい,男
けんせい,男
渡辺,男
あい,女
うえの,女
こま,女
ふう,女
みらん,女
たくみ,男
りょうた,男
しょうた,男
ゆうた,男
たいち,男
はると,男
けんた,男
そうた,男
だいすけ,男
りく,男
ひなた,男
しゅん,男
こうた,男
れん,男
れい,女
さくら,女
ほのか,女
りん,女
ゆかり,女
ゆい,女
りお,女
あやか,女
ななみ,女
みゆ,女
りか,女
みほ,女
かすみ,女
大雅,男
すが,男
けいじゅ,男
まなと,男
のぞむ,男
だい,男
けんせい,男
渡辺,男
あい,女
うえの,女
こま,女
ふう,女
みらん,女
たくみ,男
りょうた,男
しょうた,男
ゆうた,男
たいち,男
はると,男
けんた,男
そうた,男
だいすけ,男
りく,男
ひなた,男
しゅん,男
こうた,男
れん,男
れい,女
さくら,女
ほのか,女
りん,女
ゆかり,女
ゆい,女
りお,女
あやか,女
ななみ,女
みゆ,女
りか,女
みほ,女
かすみ,女
大雅,男
すが,男
けいじゅ,男
まなと,男
のぞむ,男
だい,男
けんせい,男
渡辺,男
あい,女
うえの,女
こま,女
ふう,女
みらん,女
たくみ,男
りょうた,男
しょうた,男
ゆうた,男
たいち,男
はると,男
けんた,男
そうた,男
だいすけ,男
りく,男
ひなた,男
しゅん,男
こうた,男
れん,男
れい,女
さくら,女
ほのか,女
りん,女
ゆかり,女
ゆい,女
りお,女
あやか,女
ななみ,女
みゆ,女
りか,女
みほ,女
かすみ,女
大雅,男
すが,男
けいじゅ,男
まなと,男
のぞむ,男
だい,男
けんせい,男
渡辺,男
あい,女
うえの,女
こま,女
ふう,女
みらん,女
たくみ,男
りょうた,男
しょうた,男
ゆうた,男
たいち,男
はると,男
けんた,男
そうた,男
だいすけ,男
りく,男
ひなた,男
しゅん,男
こうた,男
れん,男
れい,女
さくら,女
ほのか,女
りん,女
ゆかり,女
ゆい,女
りお,女
あやか,女
ななみ,女
みゆ,女
りか,女
みほ,女
かすみ,女
大雅,男
すが,男
けいじゅ,男
まなと,男
のぞむ,男
だい,男
けんせい,男
渡辺,男
あい,女
うえの,女
こま,女
ふう,女
みらん,女
たくみ,男
りょうた,男
しょうた,男
ゆうた,男
たいち,男
はると,男
けんた,男
そうた,男
だいすけ,男
りく,男
ひなた,男
しゅん,男
こうた,男
れん,男
れい,女
さくら,女
ほのか,女
りん,女
ゆかり,女
ゆい,女
りお,女
あやか,女
ななみ,女
みゆ,女
りか,女
みほ,女
かすみ,女
大雅,男
すが,男
けいじゅ,男
まなと,男
のぞむ,男
だい,男
けんせい,男
渡辺,男
あい,女
うえの,女
こま,女
ふう,女
みらん,女
たくみ,男
りょうた,男
しょうた,男
ゆうた,男
たいち,男
はると,男
けんた,男
そうた,男
だいすけ,男
りく,男
ひなた,男
しゅん,男
こうた,男
れん,男
れい,女
さくら,女
ほのか,女
りん,女
ゆかり,女
ゆい,女
りお,女
あやか,女
ななみ,女
みゆ,女
りか,女
みほ,女
かすみ,女
大雅,男
すが,男
けいじゅ,男
まなと,男
のぞむ,男
だい,男
けんせい,男
渡辺,男
あい,女
うえの,女
こま,女
ふう,女
みらん,女
たくみ,男
りょうた,男
しょうた,男
ゆうた,男
たいち,男
はると,男
けんた,男
そうた,男
だいすけ,男
りく,男
ひなた,男
しゅん,男
こうた,男
れん,男
れい,女
さくら,女
ほのか,女
りん,女
ゆかり,女
ゆい,女
りお,女
あやか,女
ななみ,女
みゆ,女
りか,女
みほ,女
かすみ,女
大雅,男
すが,男
けいじゅ,男
まなと,男
のぞむ,男
だい,男
けんせい,男
渡辺,男
あい,女
うえの,女
こま,女
ふう,女
みらん,女
たくみ,男
りょうた,男
しょうた,男
ゆうた,男
たいち,男
はると,男
けんた,男
そうた,男
だいすけ,男
りく,男
ひなた,男
しゅん,男
こうた,男
れん,男
れい,女
さくら,女
ほのか,女
りん,女
ゆかり,女
ゆい,女
りお,女
あやか,女
ななみ,女
みゆ,女
りか,女
みほ,女
かすみ,女
大雅,男
すが,男
けいじゅ,男
まなと,男
のぞむ,男
だい,男
けんせい,男
渡辺,男
あい,女
うえの,女
こま,女
ふう,女
みらん,女
たくみ,男
りょうた,男
しょうた,男
ゆうた,男
たいち,男
はると,男
けんた,男
そうた,男
だいすけ,男
りく,男
ひなた,男
しゅん,男
こうた,男
れん,男
れい,女
さくら,女
ほのか,女
りん,女
ゆかり,女
ゆい,女
りお,女
あやか,女
ななみ,女
みゆ,女
りか,女
みほ,女
かすみ,女
大雅,男
すが,男
けいじゅ,男
まなと,男
のぞむ,男
だい,男
けんせい,男
渡辺,男
あい,女
うえの,女
こま,女
ふう,女
みらん,女
たくみ,男
りょうた,男
しょうた,男
ゆうた,男
たいち,男
はると,男
けんた,男
そうた,男
だいすけ,男
りく,男
ひなた,男
しゅん,男
こうた,男
れん,男
れい,女
さくら,女
ほのか,女
りん,女
ゆかり,女
ゆい,女
りお,女
あやか,女
ななみ,女
みゆ,女
りか,女
みほ,女
かすみ,女
大雅,男
すが,男
けいじゅ,男
まなと,男
のぞむ,男
だい,男
けんせい,男
渡辺,男
あい,女
うえの,女
こま,女
ふう,女
みらん,女
たくみ,男
りょうた,男
しょうた,男
ゆうた,男
たいち,男
はると,男
けんた,男
そうた,男
だいすけ,男
りく,男
ひなた,男
しゅん,男
こうた,男
れん,男
れい,女
さくら,女
ほのか,女
りん,女
ゆかり,女
ゆい,女
りお,女
あやか,女
ななみ,女
みゆ,女
りか,女
みほ,女
かすみ,女
大雅,男
すが,男
けいじゅ,男
まなと,男
のぞむ,男
だい,男
けんせい,男
渡辺,男
あい,女
うえの,女
こま,女
ふう,女
みらん,女
たくみ,男
りょうた,男
しょうた,男
ゆうた,男
たいち,男
はると,男
けんた,男
そうた,男
だいすけ,男
りく,男
ひなた,男
しゅん,男
こうた,男
れん,男
れい,女
さくら,女
ほのか,女
りん,女
ゆかり,女
ゆい,女
りお,女
あやか,女
ななみ,女
みゆ,女
りか,女
みほ,女
かすみ,女
大雅,男
すが,男
けいじゅ,男
まなと,男
のぞむ,男
だい,男
けんせい,男
渡辺,男
あい,女
うえの,女
こま,女
ふう,女
みらん,女
たくみ,男
りょうた,男
しょうた,男
ゆうた,男
たいち,男
はると,男
けんた,男
そうた,男
だいすけ,男
りく,男
ひなた,男
しゅん,男
こうた,男
れん,男
れい,女
さくら,女
ほのか,女
りん,女
ゆかり,女
ゆい,女
りお,女
あやか,女
ななみ,女
みゆ,女
りか,女
みほ,女
かすみ,女
大雅,男
すが,男
けいじゅ,男
まなと,男
のぞむ,男
だい,男
けんせい,男
渡辺,男
あい,女
うえの,女
こま,女
ふう,女
みらん,女
たくみ,男
りょうた,男
しょうた,男
ゆうた,男
たいち,男
はると,男
けんた,男
そうた,男
だいすけ,男
りく,男
ひなた,男
しゅん,男
こうた,男
れん,男
れい,女
さくら,女
ほのか,女
りん,女
ゆかり,女
ゆい,女
りお,女
あやか,女
ななみ,女
みゆ,女
りか,女
みほ,女
かすみ,女
大雅,男
すが,男
けいじゅ,男
まなと,男
のぞむ,男
だい,男
けんせい,男
渡辺,男
あい,女
うえの,女
こま,女
ふう,女
みらん,女
たくみ,男
りょうた,男
しょうた,男
ゆうた,男
たいち,男
はると,男
けんた,男
そうた,男
だいすけ,男
りく,男
ひなた,男
しゅん,男
こうた,男
れん,男
れい,女
さくら,女
ほのか,女
りん,女
ゆかり,女
ゆい,女
りお,女
あやか,女
ななみ,女
みゆ,女
りか,女
みほ,女
かすみ,女
大雅,男
すが,男
けいじゅ,男
まなと,男
のぞむ,男
だい,男
けんせい,男
渡辺,男
あい,女
うえの,女
こま,女
ふう,女
みらん,女
たくみ,男
りょうた,男
しょうた,男
ゆうた,男
たいち,男
はると,男
けんた,男
そうた,男
だいすけ,男
りく,男
ひなた,男
しゅん,男
こうた,男
れん,男
れい,女
さくら,女
ほのか,女
りん,女
ゆかり,女
ゆい,女
りお,女
あやか,女
ななみ,女
みゆ,女
りか,女
みほ,女
かすみ,女
大雅,男
すが,男
けいじゅ,男
まなと,男
のぞむ,男
だい,男
けんせい,男
渡辺,男
あい,女
うえの,女
こま,女
ふう,女
みらん,女
たくみ,男
りょうた,男
しょうた,男
ゆうた,男
たいち,男
はると,男
けんた,男
そうた,男
だいすけ,男
りく,男
ひなた,男
しゅん,男
こうた,男
れん,男
れい,女
さくら,女
ほのか,女
りん,女
ゆかり,女
ゆい,女
りお,女
あやか,女
ななみ,女
みゆ,女
りか,女
みほ,女
かすみ,女
大雅,男
すが,男
けいじゅ,男
まなと,男
のぞむ,男
だい,男
けんせい,男
渡辺,男
あい,女
うえの,女
こま,女
ふう,女
みらん,女
たくみ,男
りょうた,男
しょうた,男
ゆうた,男
たいち,男
はると,男
けんた,男
そうた,男
だいすけ,男
りく,男
ひなた,男
しゅん,男
こうた,男
れん,男
れい,女
さくら,女
ほのか,女
りん,女
ゆかり,女
ゆい,女
りお,女
あやか,女
ななみ,女
みゆ,女
りか,女
みほ,女
かすみ,女
大雅,男
すが,男
けいじゅ,男
まなと,男
のぞむ,男
だい,男
けんせい,男
渡辺,男
あい,女
うえの,女
こま,女
ふう,女
みらん,女
たくみ,男
りょうた,男
しょうた,男
ゆうた,男
たいち,男
はると,男
けんた,男
そうた,男
だいすけ,男
りく,男
ひなた,男
しゅん,男
こうた,男
れん,男
れい,女
さくら,女
ほのか,女
りん,女
ゆかり,女
ゆい,女
りお,女
あやか,女
ななみ,女
みゆ,女
りか,女
みほ,女
かすみ,女
大雅,男
すが,男
けいじゅ,男
まなと,男
のぞむ,男
だい,男
けんせい,男
渡辺,男
あい,女
うえの,女
こま,女
ふう,女
みらん,女
たくみ,男
りょうた,男
しょうた,男
ゆうた,男
たいち,男
はると,男
けんた,男
そうた,男
だいすけ,男
りく,男
ひなた,男
しゅん,男
こうた,男
れん,男
れい,女
さくら,女
ほのか,女
りん,女
ゆかり,女
ゆい,女
りお,女
あやか,女
ななみ,女
みゆ,女
りか,女
みほ,女
かすみ,女
大雅,男
すが,男
けいじゅ,男
まなと,男
のぞむ,男
だい,男
けんせい,男
渡辺,男
あい,女
うえの,女
こま,女
ふう,女
みらん,女
たくみ,男
りょうた,男
しょうた,男
ゆうた,男
たいち,男
はると,男
けんた,男
そうた,男
だいすけ,男
りく,男
ひなた,男
しゅん,男
こうた,男
れん,男
れい,女
さくら,女
ほのか,女
りん,女
ゆかり,女
ゆい,女
りお,女
あやか,女
ななみ,女
みゆ,女
りか,女
みほ,女
かすみ,女
かすみ,
大雅,男
すが,男
けいじゅ,男
まなと,男
のぞむ,男
だい,男
けんせい,男
渡辺,男
あい,女
うえの,女
こま,女
ふう,女
みらん,女
たくみ,男
りょうた,男
しょうた,男
ゆうた,男
たいち,男
はると,男
けんた,男
そうた,男
だいすけ,男
りく,男
ひなた,男
しゅん,男
こうた,男
れん,男
れい,女
さくら,女
ほのか,女
りん,女
ゆかり,女
ゆい,女
りお,女
あやか,女
ななみ,女
みゆ,女
りか,女
みほ,女
かすみ,女
大雅,男
すが,男
けいじゅ,男
まなと,男
のぞむ,男
だい,男
けんせい,男
渡辺,男
あい,女
うえの,女
こま,女
ふう,女
みらん,女
たくみ,男
りょうた,男
しょうた,男
ゆうた,男
たいち,男
はると,男
けんた,男
そうた,男
だいすけ,男
りく,男
ひなた,男
しゅん,男
こうた,男
れん,男
れい,女
さくら,女
ほのか,女
りん,女
ゆかり,女
ゆい,女
りお,女
あやか,女
ななみ,女
みゆ,女
りか,女
みほ,女
大雅,男
すが,男
けいじゅ,男
まなと,男
のぞむ,男
だい,男
けんせい,男
渡辺,男
あい,女
うえの,女
こま,女
ふう,女
みらん,女
たくみ,男
りょうた,男
しょうた,男
ゆうた,男
たいち,男
はると,男
けんた,男
そうた,男
だいすけ,男
りく,男
ひなた,男
しゅん,男
こうた,男
れん,男
れい,女
さくら,女
ほのか,女
りん,女
ゆかり,女
ゆい,女
りお,女
あやか,女
ななみ,女
みゆ,女
りか,女
みほ,女
かすみ,女
大雅,男
すが,男
けいじゅ,男
まなと,男
のぞむ,男
だい,男
けんせい,男
渡辺,男
あい,女
うえの,女
こま,女
ふう,女
みらん,女
たくみ,男
りょうた,男
しょうた,男
ゆうた,男
たいち,男
はると,男
けんた,男
そうた,男
だいすけ,男
りく,男
ひなた,男
しゅん,男
こうた,男
れん,男
れい,女
さくら,女
ほのか,女
りん,女
ゆかり,女
ゆい,女
りお,女
あやか,女
ななみ,女
みゆ,女
りか,女
みほ,女
かすみ,女
大雅,男
すが,男
けいじゅ,男
まなと,男
のぞむ,男
だい,男
けんせい,男
渡辺,男
あい,女
うえの,女
こま,女
ふう,女
みらん,女
たくみ,男
りょうた,男
しょうた,男
ゆうた,男
たいち,男
はると,男
けんた,男
そうた,男
だいすけ,男
りく,男
ひなた,男
しゅん,男
こうた,男
れん,男
れい,女
さくら,女
ほのか,女
りん,女
ゆかり,女
ゆい,女
りお,女
あやか,女
ななみ,女
みゆ,女
りか,女
みほ,女
かすみ,女
大雅,男
すが,男
けいじゅ,男
まなと,男
のぞむ,男
だい,男
けんせい,男
渡辺,男
あい,女
うえの,女
こま,女
ふう,女
みらん,女
たくみ,男
りょうた,男
しょうた,男
ゆうた,男
たいち,男
はると,男
けんた,男
そうた,男
だいすけ,男
りく,男
ひなた,男
しゅん,男
こうた,男
れん,男
れい,女
さくら,女
ほのか,女
りん,女
ゆかり,女
ゆい,女
りお,女
あやか,女
ななみ,女
みゆ,女
りか,女
みほ,女
かすみ,女
大雅,男
すが,男
けいじゅ,男
まなと,男
のぞむ,男
だい,男
けんせい,男
渡辺,男
あい,女
うえの,女
こま,女
ふう,女
みらん,女
たくみ,男
りょうた,男
しょうた,男
ゆうた,男
たいち,男
はると,男
けんた,男
そうた,男
だいすけ,男
りく,男
ひなた,男
しゅん,男
こうた,男
れん,男
れい,女
さくら,女
ほのか,女
りん,女
ゆかり,女
ゆい,女
りお,女
あやか,女
ななみ,女
みゆ,女
りか,女
みほ,女
かすみ,女
大雅,男
すが,男
けいじゅ,男
まなと,男
のぞむ,男
だい,男
けんせい,男
渡辺,男
あい,女
うえの,女
こま,女
ふう,女
みらん,女
たくみ,男
りょうた,男
しょうた,男
ゆうた,男
たいち,男
はると,男
けんた,男
そうた,男
だいすけ,男
りく,男
ひなた,男
しゅん,男
こうた,男
れん,男
れい,女
さくら,女
ほのか,女
りん,女
ゆかり,女
ゆい,女
りお,女
あやか,女
ななみ,女
みゆ,女
りか,女
みほ,女
かすみ,女
大雅,男
すが,男
けいじゅ,男
まなと,男
のぞむ,男
だい,男
けんせい,男
渡辺,男
あい,女
うえの,女
こま,女
ふう,女
みらん,女
たくみ,男
りょうた,男
しょうた,男
ゆうた,男
たいち,男
はると,男
けんた,男
そうた,男
だいすけ,男
りく,男
ひなた,男
しゅん,男
こうた,男
れん,男
れい,女
さくら,女
ほのか,女
りん,女
ゆかり,女
ゆい,女
りお,女
あやか,女
ななみ,女
みゆ,女
りか,女
みほ,女
かすみ,女
大雅,男
すが,男
けいじゅ,男
まなと,男
のぞむ,男
だい,男
けんせい,男
渡辺,男
あい,女
うえの,女
こま,女
ふう,女
みらん,女
たくみ,男
りょうた,男
しょうた,男
ゆうた,男
たいち,男
はると,男
けんた,男
そうた,男
だいすけ,男
りく,男
ひなた,男
しゅん,男
こうた,男
れん,男
れい,女
さくら,女
ほのか,女
りん,女
ゆかり,女
ゆい,女
りお,女
あやか,女
ななみ,女
みゆ,女
りか,女
みほ,女
かすみ,女
大雅,男
すが,男
けいじゅ,男
まなと,男
のぞむ,男
だい,男
けんせい,男
渡辺,男
あい,女
うえの,女
こま,女
ふう,女
みらん,女
たくみ,男
りょうた,男
しょうた,男
ゆうた,男
たいち,男
はると,男
けんた,男
そうた,男
だいすけ,男
りく,男
ひなた,男
しゅん,男
こうた,男
れん,男
れい,女
さくら,女
ほのか,女
りん,女
ゆかり,女
ゆい,女
りお,女
あやか,女
ななみ,女
みゆ,女
りか,女
みほ,女
かすみ,女
大雅,男
すが,男
けいじゅ,男
まなと,男
のぞむ,男
だい,男
けんせい,男
渡辺,男
あい,女
うえの,女
こま,女
ふう,女
みらん,女
たくみ,男
りょうた,男
しょうた,男
ゆうた,男
たいち,男
はると,男
けんた,男
そうた,男
だいすけ,男
りく,男
ひなた,男
しゅん,男
こうた,男
れん,男
れい,女
さくら,女
ほのか,女
りん,女
ゆかり,女
ゆい,女
りお,女
あやか,女
ななみ,女
みゆ,女
りか,女
みほ,女
かすみ,女
大雅,男
すが,男
けいじゅ,男
まなと,男
のぞむ,男
だい,男
けんせい,男
渡辺,男
あい,女
うえの,女
こま,女
ふう,女
みらん,女
たくみ,男
りょうた,男
しょうた,男
ゆうた,男
たいち,男
はると,男
けんた,男
そうた,男
だいすけ,男
りく,男
ひなた,男
しゅん,男
こうた,男
れん,男
れい,女
さくら,女
ほのか,女
りん,女
ゆかり,女
ゆい,女
りお,女
あやか,女
ななみ,女
みゆ,女
りか,女
みほ,女
かすみ,女
大雅,男
すが,男
けいじゅ,男
まなと,男
のぞむ,男
だい,男
けんせい,男
渡辺,男
あい,女
うえの,女
こま,女
ふう,女
みらん,女
たくみ,男
りょうた,男
しょうた,男
ゆうた,男
たいち,男
はると,男
けんた,男
そうた,男
だいすけ,男
りく,男
ひなた,男
しゅん,男
こうた,男
れん,男
れい,女
さくら,女
ほのか,女
りん,女
ゆかり,女
ゆい,女
りお,女
あやか,女
ななみ,女
みゆ,女
りか,女
みほ,女
かすみ,女
大雅,男
すが,男
けいじゅ,男
まなと,男
のぞむ,男
だい,男
けんせい,男
渡辺,男
あい,女
うえの,女
こま,女
ふう,女
みらん,女
たくみ,男
りょうた,男
しょうた,男
ゆうた,男
たいち,男
はると,男
けんた,男
そうた,男
だいすけ,男
りく,男
ひなた,男
しゅん,男
こうた,男
れん,男
れい,女
さくら,女
ほのか,女
りん,女
ゆかり,女
ゆい,女
りお,女
あやか,女
ななみ,女
みゆ,女
りか,女
みほ,女
かすみ,女
大雅,男
すが,男
けいじゅ,男
まなと,男
のぞむ,男
だい,男
けんせい,男
渡辺,男
あい,女
うえの,女
こま,女
ふう,女
みらん,女
たくみ,男
りょうた,男
しょうた,男
ゆうた,男
たいち,男
はると,男
けんた,男
そうた,男
だいすけ,男
りく,男
ひなた,男
しゅん,男
こうた,男
れん,男
れい,女
さくら,女
ほのか,女
りん,女
ゆかり,女
ゆい,女
りお,女
あやか,女
ななみ,女
みゆ,女
りか,女
みほ,女
かすみ,女
大雅,男
すが,男
けいじゅ,男
まなと,男
のぞむ,男
だい,男
けんせい,男
渡辺,男
あい,女
うえの,女
こま,女
ふう,女
みらん,女
たくみ,男
りょうた,男
しょうた,男
ゆうた,男
たいち,男
はると,男
けんた,男
そうた,男
だいすけ,男
りく,男
ひなた,男
しゅん,男
こうた,男
れん,男
れい,女
さくら,女
ほのか,女
りん,女
ゆかり,女
ゆい,女
りお,女
あやか,女
ななみ,女
みゆ,女
りか,女
みほ,女
かすみ,女
大雅,男
すが,男
けいじゅ,男
まなと,男
のぞむ,男
だい,男
けんせい,男
渡辺,男
あい,女
うえの,女
こま,女
ふう,女
みらん,女
たくみ,男
りょうた,男
しょうた,男
ゆうた,男
たいち,男
はると,男
けんた,男
そうた,男
だいすけ,男
りく,男
ひなた,男
しゅん,男
こうた,男
れん,男
れい,女
さくら,女
ほのか,女
りん,女
ゆかり,女
ゆい,女
りお,女
あやか,女
ななみ,女
みゆ,女
りか,女
みほ,女
かすみ,女
大雅,男
すが,男
けいじゅ,男
まなと,男
のぞむ,男
だい,男
けんせい,男
渡辺,男
あい,女
うえの,女
こま,女
ふう,女
みらん,女
たくみ,男
りょうた,男
しょうた,男
ゆうた,男
たいち,男
はると,男
けんた,男
そうた,男
だいすけ,男
りく,男
ひなた,男
しゅん,男
こうた,男
れん,男
れい,女
さくら,女
ほのか,女
りん,女
ゆかり,女
ゆい,女
りお,女
あやか,女
ななみ,女
みゆ,女
りか,女
みほ,女
かすみ,女
大雅,男
すが,男
けいじゅ,男
まなと,男
のぞむ,男
だい,男
けんせい,男
渡辺,男
あい,女
うえの,女
こま,女
ふう,女
みらん,女
たくみ,男
りょうた,男
しょうた,男
ゆうた,男
たいち,男
はると,男
けんた,男
そうた,男
だいすけ,男
りく,男
ひなた,男
しゅん,男
こうた,男
れん,男
れい,女
さくら,女
ほのか,女
りん,女
ゆかり,女
ゆい,女
りお,女
あやか,女
ななみ,女
みゆ,女
りか,女
みほ,女
かすみ,女
大雅,男
すが,男
けいじゅ,男
まなと,男
のぞむ,男
だい,男
けんせい,男
渡辺,男
あい,女
うえの,女
こま,女
ふう,女
みらん,女
たくみ,男
りょうた,男
しょうた,男
ゆうた,男
たいち,男
はると,男
けんた,男
そうた,男
だいすけ,男
りく,男
ひなた,男
しゅん,男
こうた,男
れん,男
れい,女
さくら,女
ほのか,女
りん,女
ゆかり,女
ゆい,女
りお,女
あやか,女
ななみ,女
みゆ,女
りか,女
みほ,女
かすみ,女
大雅,男
すが,男
けいじゅ,男
まなと,男
のぞむ,男
だい,男
けんせい,男
渡辺,男
あい,女
うえの,女
こま,女
ふう,女
みらん,女
たくみ,男
りょうた,男
しょうた,男
ゆうた,男
たいち,男
はると,男
けんた,男
そうた,男
だいすけ,男
りく,男
ひなた,男
しゅん,男
こうた,男
れん,男
れい,女
さくら,女
ほのか,女
りん,女
ゆかり,女
ゆい,女
りお,女
あやか,女
ななみ,女
みゆ,女
りか,女
みほ,女
かすみ,女
大雅,男
すが,男
けいじゅ,男
まなと,男
のぞむ,男
だい,男
けんせい,男
渡辺,男
あい,女
うえの,女
こま,女
ふう,女
みらん,女
たくみ,男
りょうた,男
しょうた,男
ゆうた,男
たいち,男
はると,男
けんた,男
そうた,男
だいすけ,男
りく,男
ひなた,男
しゅん,男
こうた,男
れん,男
れい,女
さくら,女
ほのか,女
りん,女
ゆかり,女
ゆい,女
りお,女
あやか,女
ななみ,女
みゆ,女
りか,女
みほ,女
かすみ,女
大雅,男
すが,男
けいじゅ,男
まなと,男
のぞむ,男
だい,男
けんせい,男
渡辺,男
あい,女
うえの,女
こま,女
ふう,女
みらん,女
たくみ,男
りょうた,男
しょうた,男
ゆうた,男
たいち,男
はると,男
けんた,男
そうた,男
だいすけ,男
りく,男
ひなた,男
しゅん,男
こうた,男
れん,男
れい,女
さくら,女
ほのか,女
りん,女
ゆかり,女
ゆい,女
りお,女
あやか,女
ななみ,女
みゆ,女
りか,女
みほ,女
かすみ,女
大雅,男
すが,男
けいじゅ,男
まなと,男
のぞむ,男
だい,男
けんせい,男
渡辺,男
あい,女
うえの,女
こま,女
ふう,女
みらん,女
たくみ,男
りょうた,男
しょうた,男
ゆうた,男
たいち,男
はると,男
けんた,男
そうた,男
だいすけ,男
りく,男
ひなた,男
しゅん,男
こうた,男
れん,男
れい,女
さくら,女
ほのか,女
りん,女
ゆかり,女
ゆい,女
りお,女
あやか,女
ななみ,女
みゆ,女
りか,女
みほ,女
かすみ,女
かすみ,女
大雅,男
すが,男
けいじゅ,男
まなと,男
のぞむ,男
だい,男
けんせい,男
渡辺,男
あい,女
うえの,女
こま,女
ふう,女
みらん,女
たくみ,男
りょうた,男
しょうた,男
ゆうた,男
たいち,男
はると,男
けんた,男
そうた,男
だいすけ,男
りく,男
ひなた,男
しゅん,男
こうた,男
れん,男
れい,女
さくら,女
ほのか,女
りん,女
ゆかり,女
ゆい,女
りお,女
あやか,女
ななみ,女
みゆ,女
りか,女
みほ,女
かすみ,女
大雅,男
すが,男
けいじゅ,男
まなと,男
のぞむ,男
だい,男
けんせい,男
渡辺,男
あい,女
うえの,女
こま,女
ふう,女
みらん,女
たくみ,男
りょうた,男
しょうた,男
ゆうた,男
たいち,男
はると,男
けんた,男
そうた,男
だいすけ,男
りく,男
ひなた,男
しゅん,男
こうた,男
れん,男
れい,女
さくら,女
ほのか,女
りん,女
ゆかり,女
ゆい,女
りお,女
あやか,女
ななみ,女
みゆ,女
りか,女
みほ,女
大雅,男
すが,男
けいじゅ,男
まなと,男
のぞむ,男
だい,男
けんせい,男
渡辺,男
あい,女
うえの,女
こま,女
ふう,女
みらん,女
たくみ,男
りょうた,男
しょうた,男
ゆうた,男
たいち,男
はると,男
けんた,男
そうた,男
だいすけ,男
りく,男
ひなた,男
しゅん,男
こうた,男
れん,男
れい,女
さくら,女
ほのか,女
りん,女
ゆかり,女
ゆい,女
りお,女
あやか,女
ななみ,女
みゆ,女
りか,女
みほ,女
かすみ,女
大雅,男
すが,男
けいじゅ,男
まなと,男
のぞむ,男
だい,男
けんせい,男
渡辺,男
あい,女
うえの,女
こま,女
ふう,女
みらん,女
たくみ,男
りょうた,男
しょうた,男
ゆうた,男
たいち,男
はると,男
けんた,男
そうた,男
だいすけ,男
りく,男
ひなた,男
しゅん,男
こうた,男
れん,男
れい,女
さくら,女
ほのか,女
りん,女
ゆかり,女
ゆい,女
りお,女
あやか,女
ななみ,女
みゆ,女
りか,女
みほ,女
かすみ,女
大雅,男
すが,男
けいじゅ,男
まなと,男
のぞむ,男
だい,男
けんせい,男
渡辺,男
あい,女
うえの,女
こま,女
ふう,女
みらん,女
たくみ,男
りょうた,男
しょうた,男
ゆうた,男
たいち,男
はると,男
けんた,男
そうた,男
だいすけ,男
りく,男
ひなた,男
しゅん,男
こうた,男
れん,男
れい,女
さくら,女
ほのか,女
りん,女
ゆかり,女
ゆい,女
りお,女
あやか,女
ななみ,女
みゆ,女
りか,女
みほ,女
かすみ,女
大雅,男
すが,男
けいじゅ,男
まなと,男
のぞむ,男
だい,男
けんせい,男
渡辺,男
あい,女
うえの,女
こま,女
ふう,女
みらん,女
たくみ,男
りょうた,男
しょうた,男
ゆうた,男
たいち,男
はると,男
けんた,男
そうた,男
だいすけ,男
りく,男
ひなた,男
しゅん,男
こうた,男
れん,男
れい,女
さくら,女
ほのか,女
りん,女
ゆかり,女
ゆい,女
りお,女
あやか,女
ななみ,女
みゆ,女
りか,女
みほ,女
かすみ,女
大雅,男
すが,男
けいじゅ,男
まなと,男
のぞむ,男
だい,男
けんせい,男
渡辺,男
あい,女
うえの,女
こま,女
ふう,女
みらん,女
たくみ,男
りょうた,男
しょうた,男
ゆうた,男
たいち,男
はると,男
けんた,男
そうた,男
だいすけ,男
りく,男
ひなた,男
しゅん,男
こうた,男
れん,男
れい,女
さくら,女
ほのか,女
りん,女
ゆかり,女
ゆい,女
りお,女
あやか,女
ななみ,女
みゆ,女
りか,女
みほ,女
かすみ,女
大雅,男
すが,男
けいじゅ,男
まなと,男
のぞむ,男
だい,男
けんせい,男
渡辺,男
あい,女
うえの,女
こま,女
ふう,女
みらん,女
たくみ,男
りょうた,男
しょうた,男
ゆうた,男
たいち,男
はると,男
けんた,男
そうた,男
だいすけ,男
りく,男
ひなた,男
しゅん,男
こうた,男
れん,男
れい,女
さくら,女
ほのか,女
りん,女
ゆかり,女
ゆい,女
りお,女
あやか,女
ななみ,女
みゆ,女
りか,女
みほ,女
かすみ,女
大雅,男
すが,男
けいじゅ,男
まなと,男
のぞむ,男
だい,男
けんせい,男
渡辺,男
あい,女
うえの,女
こま,女
ふう,女
みらん,女
たくみ,男
りょうた,男
しょうた,男
ゆうた,男
たいち,男
はると,男
けんた,男
そうた,男
だいすけ,男
りく,男
ひなた,男
しゅん,男
こうた,男
れん,男
れい,女
さくら,女
ほのか,女
りん,女
ゆかり,女
ゆい,女
りお,女
あやか,女
ななみ,女
みゆ,女
りか,女
みほ,女
かすみ,女
大雅,男
すが,男
けいじゅ,男
まなと,男
のぞむ,男
だい,男
けんせい,男
渡辺,男
あい,女
うえの,女
こま,女
ふう,女
みらん,女
たくみ,男
りょうた,男
しょうた,男
ゆうた,男
たいち,男
はると,男
けんた,男
そうた,男
だいすけ,男
りく,男
ひなた,男
しゅん,男
こうた,男
れん,男
れい,女
さくら,女
ほのか,女
りん,女
ゆかり,女
ゆい,女
りお,女
あやか,女
ななみ,女
みゆ,女
りか,女
みほ,女
かすみ,女
大雅,男
すが,男
けいじゅ,男
まなと,男
のぞむ,男
だい,男
けんせい,男
渡辺,男
あい,女
うえの,女
こま,女
ふう,女
みらん,女
たくみ,男
りょうた,男
しょうた,男
ゆうた,男
たいち,男
はると,男
けんた,男
そうた,男
だいすけ,男
りく,男
ひなた,男
しゅん,男
こうた,男
れん,男
れい,女
さくら,女
ほのか,女
りん,女
ゆかり,女
ゆい,女
りお,女
あやか,女
ななみ,女
みゆ,女
りか,女
みほ,女
かすみ,女
大雅,男
すが,男
けいじゅ,男
まなと,男
のぞむ,男
だい,男
けんせい,男
渡辺,男
あい,女
うえの,女
こま,女
ふう,女
みらん,女
たくみ,男
りょうた,男
しょうた,男
ゆうた,男
たいち,男
はると,男
けんた,男
そうた,男
だいすけ,男
りく,男
ひなた,男
しゅん,男
こうた,男
れん,男
れい,女
さくら,女
ほのか,女
りん,女
ゆかり,女
ゆい,女
りお,女
あやか,女
ななみ,女
みゆ,女
りか,女
みほ,女
かすみ,女
大雅,男
すが,男
けいじゅ,男
まなと,男
のぞむ,男
だい,男
けんせい,男
渡辺,男
あい,女
うえの,女
こま,女
ふう,女
みらん,女
たくみ,男
りょうた,男
しょうた,男
ゆうた,男
たいち,男
はると,男
けんた,男
そうた,男
だいすけ,男
りく,男
ひなた,男
しゅん,男
こうた,男
れん,男
れい,女
さくら,女
ほのか,女
りん,女
ゆかり,女
ゆい,女
りお,女
あやか,女
ななみ,女
みゆ,女
りか,女
みほ,女
かすみ,女
大雅,男
すが,男
けいじゅ,男
まなと,男
のぞむ,男
だい,男
けんせい,男
渡辺,男
あい,女
うえの,女
こま,女
ふう,女
みらん,女
たくみ,男
りょうた,男
しょうた,男
ゆうた,男
たいち,男
はると,男
けんた,男
そうた,男
だいすけ,男
りく,男
ひなた,男
しゅん,男
こうた,男
れん,男
れい,女
さくら,女
ほのか,女
りん,女
ゆかり,女
ゆい,女
りお,女
あやか,女
ななみ,女
みゆ,女
りか,女
みほ,女
かすみ,女
大雅,男
すが,男
けいじゅ,男
まなと,男
のぞむ,男
だい,男
けんせい,男
渡辺,男
あい,女
うえの,女
こま,女
ふう,女
みらん,女
たくみ,男
りょうた,男
しょうた,男
ゆうた,男
たいち,男
はると,男
けんた,男
そうた,男
だいすけ,男
りく,男
ひなた,男
しゅん,男
こうた,男
れん,男
れい,女
さくら,女
ほのか,女
りん,女
ゆかり,女
ゆい,女
りお,女
あやか,女
ななみ,女
みゆ,女
りか,女
みほ,女
かすみ,女
大雅,男
すが,男
けいじゅ,男
まなと,男
のぞむ,男
だい,男
けんせい,男
渡辺,男
あい,女
うえの,女
こま,女
ふう,女
みらん,女
たくみ,男
りょうた,男
しょうた,男
ゆうた,男
たいち,男
はると,男
けんた,男
そうた,男
だいすけ,男
りく,男
ひなた,男
しゅん,男
こうた,男
れん,男
れい,女
さくら,女
ほのか,女
りん,女
ゆかり,女
ゆい,女
りお,女
あやか,女
ななみ,女
みゆ,女
りか,女
みほ,女
かすみ,女
大雅,男
すが,男
けいじゅ,男
まなと,男
のぞむ,男
だい,男
けんせい,男
渡辺,男
あい,女
うえの,女
こま,女
ふう,女
みらん,女
たくみ,男
りょうた,男
しょうた,男
ゆうた,男
たいち,男
はると,男
けんた,男
そうた,男
だいすけ,男
りく,男
ひなた,男
しゅん,男
こうた,男
れん,男
れい,女
さくら,女
ほのか,女
りん,女
ゆかり,女
ゆい,女
りお,女
あやか,女
ななみ,女
みゆ,女
りか,女
みほ,女
かすみ,女
大雅,男
すが,男
けいじゅ,男
まなと,男
のぞむ,男
だい,男
けんせい,男
渡辺,男
あい,女
うえの,女
こま,女
ふう,女
みらん,女
たくみ,男
りょうた,男
しょうた,男
ゆうた,男
たいち,男
はると,男
けんた,男
そうた,男
だいすけ,男
りく,男
ひなた,男
しゅん,男
こうた,男
れん,男
れい,女
さくら,女
ほのか,女
りん,女
ゆかり,女
ゆい,女
りお,女
あやか,女
ななみ,女
みゆ,女
りか,女
みほ,女
かすみ,女
大雅,男
すが,男
けいじゅ,男
まなと,男
のぞむ,男
だい,男
けんせい,男
渡辺,男
あい,女
うえの,女
こま,女
ふう,女
みらん,女
たくみ,男
りょうた,男
しょうた,男
ゆうた,男
たいち,男
はると,男
けんた,男
そうた,男
だいすけ,男
りく,男
ひなた,男
しゅん,男
こうた,男
れん,男
れい,女
さくら,女
ほのか,女
りん,女
ゆかり,女
ゆい,女
りお,女
あやか,女
ななみ,女
みゆ,女
りか,女
みほ,女
かすみ,女
大雅,男
すが,男
けいじゅ,男
まなと,男
のぞむ,男
だい,男
けんせい,男
渡辺,男
あい,女
うえの,女
こま,女
ふう,女
みらん,女
たくみ,男
りょうた,男
しょうた,男
ゆうた,男
たいち,男
はると,男
けんた,男
そうた,男
だいすけ,男
りく,男
ひなた,男
しゅん,男
こうた,男
れん,男
れい,女
さくら,女
ほのか,女
りん,女
ゆかり,女
ゆい,女
りお,女
あやか,女
ななみ,女
みゆ,女
りか,女
みほ,女
かすみ,女
大雅,男
すが,男
けいじゅ,男
まなと,男
のぞむ,男
だい,男
けんせい,男
渡辺,男
あい,女
うえの,女
こま,女
ふう,女
みらん,女
たくみ,男
りょうた,男
しょうた,男
ゆうた,男
たいち,男
はると,男
けんた,男
そうた,男
だいすけ,男
りく,男
ひなた,男
しゅん,男
こうた,男
れん,男
れい,女
さくら,女
ほのか,女
りん,女
ゆかり,女
ゆい,女
りお,女
あやか,女
ななみ,女
みゆ,女
りか,女
みほ,女
かすみ,女
大雅,男
すが,男
けいじゅ,男
まなと,男
のぞむ,男
だい,男
けんせい,男
渡辺,男
あい,女
うえの,女
こま,女
ふう,女
みらん,女
たくみ,男
りょうた,男
しょうた,男
ゆうた,男
たいち,男
はると,男
けんた,男
そうた,男
だいすけ,男
りく,男
ひなた,男
しゅん,男
こうた,男
れん,男
れい,女
さくら,女
ほのか,女
りん,女
ゆかり,女
ゆい,女
りお,女
あやか,女
ななみ,女
みゆ,女
りか,女
みほ,女
かすみ,女
大雅,男
すが,男
けいじゅ,男
まなと,男
のぞむ,男
だい,男
けんせい,男
渡辺,男
あい,女
うえの,女
こま,女
ふう,女
みらん,女
たくみ,男
りょうた,男
しょうた,男
ゆうた,男
たいち,男
はると,男
けんた,男
そうた,男
だいすけ,男
りく,男
ひなた,男
しゅん,男
こうた,男
れん,男
れい,女
さくら,女
ほのか,女
りん,女
ゆかり,女
ゆい,女
りお,女
あやか,女
ななみ,女
みゆ,女
りか,女
みほ,女
かすみ,女
大雅,男
すが,男
けいじゅ,男
まなと,男
のぞむ,男
だい,男
けんせい,男
渡辺,男
あい,女
うえの,女
こま,女
ふう,女
みらん,女
たくみ,男
りょうた,男
しょうた,男
ゆうた,男
たいち,男
はると,男
けんた,男
そうた,男
だいすけ,男
りく,男
ひなた,男
しゅん,男
こうた,男
れん,男
れい,女
さくら,女
ほのか,女
りん,女
ゆかり,女
ゆい,女
りお,女
あやか,女
ななみ,女
みゆ,女
りか,女
みほ,女
かすみ,女
大雅,男
すが,男
けいじゅ,男
まなと,男
のぞむ,男
だい,男
けんせい,男
渡辺,男
あい,女
うえの,女
こま,女
ふう,女
みらん,女
たくみ,男
りょうた,男
しょうた,男
ゆうた,男
たいち,男
はると,男
けんた,男
そうた,男
だいすけ,男
りく,男
ひなた,男
しゅん,男
こうた,男
れん,男
れい,女
さくら,女
ほのか,女
りん,女
ゆかり,女
ゆい,女
りお,女
あやか,女
ななみ,女
みゆ,女
りか,女
みほ,女
かすみ,女
かすみ,女
大雅,男
すが,男
けいじゅ,男
まなと,男
のぞむ,男
だい,男
けんせい,男
渡辺,男
あい,女
うえの,女
こま,女
ふう,女
みらん,女
たくみ,男
りょうた,男
しょうた,男
ゆうた,男
たいち,男
はると,男
けんた,男
そうた,男
だいすけ,男
りく,男
ひなた,男
しゅん,男
こうた,男
れん,男
れい,女
さくら,女
ほのか,女
りん,女
ゆかり,女
ゆい,女
りお,女
あやか,女
ななみ,女
みゆ,女
りか,女
みほ,女
かすみ,女
大雅,男
すが,男
けいじゅ,男
まなと,男
のぞむ,男
だい,男
けんせい,男
渡辺,男
あい,女
うえの,女
こま,女
ふう,女
みらん,女
たくみ,男
りょうた,男
しょうた,男
ゆうた,男
たいち,男
はると,男
けんた,男
そうた,男
だいすけ,男
りく,男
ひなた,男
しゅん,男
こうた,男
れん,男
れい,女
さくら,女
ほのか,女
りん,女
ゆかり,女
ゆい,女
りお,女
あやか,女
ななみ,女
みゆ,女
りか,女
みほ,女
大雅,男
すが,男
けいじゅ,男
まなと,男
のぞむ,男
だい,男
けんせい,男
渡辺,男
あい,女
うえの,女
こま,女
ふう,女
みらん,女
たくみ,男
りょうた,男
しょうた,男
ゆうた,男
たいち,男
はると,男
けんた,男
そうた,男
だいすけ,男
りく,男
ひなた,男
しゅん,男
こうた,男
れん,男
れい,女
さくら,女
ほのか,女
りん,女
ゆかり,女
ゆい,女
りお,女
あやか,女
ななみ,女
みゆ,女
りか,女
みほ,女
かすみ,女
大雅,男
すが,男
けいじゅ,男
まなと,男
のぞむ,男
だい,男
けんせい,男
渡辺,男
あい,女
うえの,女
こま,女
ふう,女
みらん,女
たくみ,男
りょうた,男
しょうた,男
ゆうた,男
たいち,男
はると,男
けんた,男
そうた,男
だいすけ,男
りく,男
ひなた,男
しゅん,男
こうた,男
れん,男
れい,女
さくら,女
ほのか,女
りん,女
ゆかり,女
ゆい,女
りお,女
あやか,女
ななみ,女
みゆ,女
りか,女
みほ,女
かすみ,女
大雅,男
すが,男
けいじゅ,男
まなと,男
のぞむ,男
だい,男
けんせい,男
渡辺,男
あい,女
うえの,女
こま,女
ふう,女
みらん,女
たくみ,男
りょうた,男
しょうた,男
ゆうた,男
たいち,男
はると,男
けんた,男
そうた,男
だいすけ,男
りく,男
ひなた,男
しゅん,男
こうた,男
れん,男
れい,女
さくら,女
ほのか,女
りん,女
ゆかり,女
ゆい,女
りお,女
あやか,女
ななみ,女
みゆ,女
りか,女
みほ,女
かすみ,女
大雅,男
すが,男
けいじゅ,男
まなと,男
のぞむ,男
だい,男
けんせい,男
渡辺,男
あい,女
うえの,女
こま,女
ふう,女
みらん,女
たくみ,男
りょうた,男
しょうた,男
ゆうた,男
たいち,男
はると,男
けんた,男
そうた,男
だいすけ,男
りく,男
ひなた,男
しゅん,男
こうた,男
れん,男
れい,女
さくら,女
ほのか,女
りん,女
ゆかり,女
ゆい,女
りお,女
あやか,女
ななみ,女
みゆ,女
りか,女
みほ,女
かすみ,女
大雅,男
すが,男
けいじゅ,男
まなと,男
のぞむ,男
だい,男
けんせい,男
渡辺,男
あい,女
うえの,女
こま,女
ふう,女
みらん,女
たくみ,男
りょうた,男
しょうた,男
ゆうた,男
たいち,男
はると,男
けんた,男
そうた,男
だいすけ,男
りく,男
ひなた,男
しゅん,男
こうた,男
れん,男
れい,女
さくら,女
ほのか,女
りん,女
ゆかり,女
ゆい,女
りお,女
あやか,女
ななみ,女
みゆ,女
りか,女
みほ,女
かすみ,女
大雅,男
すが,男
けいじゅ,男
まなと,男
のぞむ,男
だい,男
けんせい,男
渡辺,男
あい,女
うえの,女
こま,女
ふう,女
みらん,女
たくみ,男
りょうた,男
しょうた,男
ゆうた,男
たいち,男
はると,男
けんた,男
そうた,男
だいすけ,男
りく,男
ひなた,男
しゅん,男
こうた,男
れん,男
れい,女
さくら,女
ほのか,女
りん,女
ゆかり,女
ゆい,女
りお,女
あやか,女
ななみ,女
みゆ,女
りか,女
みほ,女
かすみ,女
大雅,男
すが,男
けいじゅ,男
まなと,男
のぞむ,男
だい,男
けんせい,男
渡辺,男
あい,女
うえの,女
こま,女
ふう,女
みらん,女
たくみ,男
りょうた,男
しょうた,男
ゆうた,男
たいち,男
はると,男
けんた,男
そうた,男
だいすけ,男
りく,男
ひなた,男
しゅん,男
こうた,男
れん,男
れい,女
さくら,女
ほのか,女
りん,女
ゆかり,女
ゆい,女
りお,女
あやか,女
ななみ,女
みゆ,女
りか,女
みほ,女
かすみ,女
大雅,男
すが,男
けいじゅ,男
まなと,男
のぞむ,男
だい,男
けんせい,男
渡辺,男
あい,女
うえの,女
こま,女
ふう,女
みらん,女
たくみ,男
りょうた,男
しょうた,男
ゆうた,男
たいち,男
はると,男
けんた,男
そうた,男
だいすけ,男
りく,男
ひなた,男
しゅん,男
こうた,男
れん,男
れい,女
さくら,女
ほのか,女
りん,女
ゆかり,女
ゆい,女
りお,女
あやか,女
ななみ,女
みゆ,女
りか,女
みほ,女
かすみ,女
大雅,男
すが,男
けいじゅ,男
まなと,男
のぞむ,男
だい,男
けんせい,男
渡辺,男
あい,女
うえの,女
こま,女
ふう,女
みらん,女
たくみ,男
りょうた,男
しょうた,男
ゆうた,男
たいち,男
はると,男
けんた,男
そうた,男
だいすけ,男
りく,男
ひなた,男
しゅん,男
こうた,男
れん,男
れい,女
さくら,女
ほのか,女
りん,女
ゆかり,女
ゆい,女
りお,女
あやか,女
ななみ,女
みゆ,女
りか,女
みほ,女
かすみ,女
大雅,男
すが,男
けいじゅ,男
まなと,男
のぞむ,男
だい,男
けんせい,男
渡辺,男
あい,女
うえの,女
こま,女
ふう,女
みらん,女
たくみ,男
りょうた,男
しょうた,男
ゆうた,男
たいち,男
はると,男
けんた,男
そうた,男
だいすけ,男
りく,男
ひなた,男
しゅん,男
こうた,男
れん,男
れい,女
さくら,女
ほのか,女
りん,女
ゆかり,女
ゆい,女
りお,女
あやか,女
ななみ,女
みゆ,女
りか,女
みほ,女
かすみ,女
大雅,男
すが,男
けいじゅ,男
まなと,男
のぞむ,男
だい,男
けんせい,男
渡辺,男
あい,女
うえの,女
こま,女
ふう,女
みらん,女
たくみ,男
りょうた,男
しょうた,男
ゆうた,男
たいち,男
はると,男
けんた,男
そうた,男
だいすけ,男
りく,男
ひなた,男
しゅん,男
こうた,男
れん,男
れい,女
さくら,女
ほのか,女
りん,女
ゆかり,女
ゆい,女
りお,女
あやか,女
ななみ,女
みゆ,女
りか,女
みほ,女
かすみ,女
大雅,男
すが,男
けいじゅ,男
まなと,男
のぞむ,男
だい,男
けんせい,男
渡辺,男
あい,女
うえの,女
こま,女
ふう,女
みらん,女
たくみ,男
りょうた,男
しょうた,男
ゆうた,男
たいち,男
はると,男
けんた,男
そうた,男
だいすけ,男
りく,男
ひなた,男
しゅん,男
こうた,男
れん,男
れい,女
さくら,女
ほのか,女
りん,女
ゆかり,女
ゆい,女
りお,女
あやか,女
ななみ,女
みゆ,女
りか,女
みほ,女
かすみ,女
大雅,男
すが,男
けいじゅ,男
まなと,男
のぞむ,男
だい,男
けんせい,男
渡辺,男
あい,女
うえの,女
こま,女
ふう,女
みらん,女
たくみ,男
りょうた,男
しょうた,男
ゆうた,男
たいち,男
はると,男
けんた,男
そうた,男
だいすけ,男
りく,男
ひなた,男
しゅん,男
こうた,男
れん,男
れい,女
さくら,女
ほのか,女
りん,女
ゆかり,女
ゆい,女
りお,女
あやか,女
ななみ,女
みゆ,女
りか,女
みほ,女
かすみ,女
大雅,男
すが,男
けいじゅ,男
まなと,男
のぞむ,男
だい,男
けんせい,男
渡辺,男
あい,女
うえの,女
こま,女
ふう,女
みらん,女
たくみ,男
りょうた,男
しょうた,男
ゆうた,男
たいち,男
はると,男
けんた,男
そうた,男
だいすけ,男
りく,男
ひなた,男
しゅん,男
こうた,男
れん,男
れい,女
さくら,女
ほのか,女
りん,女
ゆかり,女
ゆい,女
りお,女
あやか,女
ななみ,女
みゆ,女
りか,女
みほ,女
かすみ,女
大雅,男
すが,男
けいじゅ,男
まなと,男
のぞむ,男
だい,男
けんせい,男
渡辺,男
あい,女
うえの,女
こま,女
ふう,女
みらん,女
たくみ,男
りょうた,男
しょうた,男
ゆうた,男
たいち,男
はると,男
けんた,男
そうた,男
だいすけ,男
りく,男
ひなた,男
しゅん,男
こうた,男
れん,男
れい,女
さくら,女
ほのか,女
りん,女
ゆかり,女
ゆい,女
りお,女
あやか,女
ななみ,女
みゆ,女
りか,女
みほ,女
かすみ,女
大雅,男
すが,男
けいじゅ,男
まなと,男
のぞむ,男
だい,男
けんせい,男
渡辺,男
あい,女
うえの,女
こま,女
ふう,女
みらん,女
たくみ,男
りょうた,男
しょうた,男
ゆうた,男
たいち,男
はると,男
けんた,男
そうた,男
だいすけ,男
りく,男
ひなた,男
しゅん,男
こうた,男
れん,男
れい,女
さくら,女
ほのか,女
りん,女
ゆかり,女
ゆい,女
りお,女
あやか,女
ななみ,女
みゆ,女
りか,女
みほ,女
かすみ,女
大雅,男
すが,男
けいじゅ,男
まなと,男
のぞむ,男
だい,男
けんせい,男
渡辺,男
あい,女
うえの,女
こま,女
ふう,女
みらん,女
たくみ,男
りょうた,男
しょうた,男
ゆうた,男
たいち,男
はると,男
けんた,男
そうた,男
だいすけ,男
りく,男
ひなた,男
しゅん,男
こうた,男
れん,男
れい,女
さくら,女
ほのか,女
りん,女
ゆかり,女
ゆい,女
りお,女
あやか,女
ななみ,女
みゆ,女
りか,女
みほ,女
かすみ,女
大雅,男
すが,男
けいじゅ,男
まなと,男
のぞむ,男
だい,男
けんせい,男
渡辺,男
あい,女
うえの,女
こま,女
ふう,女
みらん,女
たくみ,男
りょうた,男
しょうた,男
ゆうた,男
たいち,男
はると,男
けんた,男
そうた,男
だいすけ,男
りく,男
ひなた,男
しゅん,男
こうた,男
れん,男
れい,女
さくら,女
ほのか,女
りん,女
ゆかり,女
ゆい,女
りお,女
あやか,女
ななみ,女
みゆ,女
りか,女
みほ,女
かすみ,女
大雅,男
すが,男
けいじゅ,男
まなと,男
のぞむ,男
だい,男
けんせい,男
渡辺,男
あい,女
うえの,女
こま,女
ふう,女
みらん,女
たくみ,男
りょうた,男
しょうた,男
ゆうた,男
たいち,男
はると,男
けんた,男
そうた,男
だいすけ,男
りく,男
ひなた,男
しゅん,男
こうた,男
れん,男
れい,女
さくら,女
ほのか,女
りん,女
ゆかり,女
ゆい,女
りお,女
あやか,女
ななみ,女
みゆ,女
りか,女
みほ,女
かすみ,女
大雅,男
すが,男
けいじゅ,男
まなと,男
のぞむ,男
だい,男
けんせい,男
渡辺,男
あい,女
うえの,女
こま,女
ふう,女
みらん,女
たくみ,男
りょうた,男
しょうた,男
ゆうた,男
たいち,男
はると,男
けんた,男
そうた,男
だいすけ,男
りく,男
ひなた,男
しゅん,男
こうた,男
れん,男
れい,女
さくら,女
ほのか,女
りん,女
ゆかり,女
ゆい,女
りお,女
あやか,女
ななみ,女
みゆ,女
りか,女
みほ,女
かすみ,女
大雅,男
すが,男
けいじゅ,男
まなと,男
のぞむ,男
だい,男
けんせい,男
渡辺,男
あい,女
うえの,女
こま,女
ふう,女
みらん,女
たくみ,男
りょうた,男
しょうた,男
ゆうた,男
たいち,男
はると,男
けんた,男
そうた,男
だいすけ,男
りく,男
ひなた,男
しゅん,男
こうた,男
れん,男
れい,女
さくら,女
ほのか,女
りん,女
ゆかり,女
ゆい,女
りお,女
あやか,女
ななみ,女
みゆ,女
りか,女
みほ,女
かすみ,女
大雅,男
すが,男
けいじゅ,男
まなと,男
のぞむ,男
だい,男
けんせい,男
渡辺,男
あい,女
うえの,女
こま,女
ふう,女
みらん,女
たくみ,男
りょうた,男
しょうた,男
ゆうた,男
たいち,男
はると,男
けんた,男
そうた,男
だいすけ,男
りく,男
ひなた,男
しゅん,男
こうた,男
れん,男
れい,女
さくら,女
ほのか,女
りん,女
ゆかり,女
ゆい,女
りお,女
あやか,女
ななみ,女
みゆ,女
りか,女
みほ,女
かすみ,女
大雅,男
すが,男
けいじゅ,男
まなと,男
のぞむ,男
だい,男
けんせい,男
渡辺,男
あい,女
うえの,女
こま,女
ふう,女
みらん,女
たくみ,男
りょうた,男
しょうた,男
ゆうた,男
たいち,男
はると,男
けんた,男
そうた,男
だいすけ,男
りく,男
ひなた,男
しゅん,男
こうた,男
れん,男
れい,女
さくら,女
ほのか,女
りん,女
ゆかり,女
ゆい,女
りお,女
あやか,女
ななみ,女
みゆ,女
りか,女
みほ,女
かすみ,女
かすみ,女
大雅,男
すが,男
けいじゅ,男
まなと,男
のぞむ,男
だい,男
けんせい,男
渡辺,男
あい,女
うえの,女
こま,女
ふう,女
みらん,女
たくみ,男
りょうた,男
しょうた,男
ゆうた,男
たいち,男
はると,男
けんた,男
そうた,男
だいすけ,男
りく,男
ひなた,男
しゅん,男
こうた,男
れん,男
れい,女
さくら,女
ほのか,女
りん,女
ゆかり,女
ゆい,女
りお,女
あやか,女
ななみ,女
みゆ,女
りか,女
みほ,女
かすみ,女
大雅,男
すが,男
けいじゅ,男
まなと,男
のぞむ,男
だい,男
けんせい,男
渡辺,男
あい,女
うえの,女
こま,女
ふう,女
みらん,女
たくみ,男
りょうた,男
しょうた,男
ゆうた,男
たいち,男
はると,男
けんた,男
そうた,男
だいすけ,男
りく,男
ひなた,男
しゅん,男
こうた,男
れん,男
れい,女
さくら,女
ほのか,女
りん,女
ゆかり,女
ゆい,女
りお,女
あやか,女
ななみ,女
みゆ,女
りか,女
みほ,女
大雅,男
すが,男
けいじゅ,男
まなと,男
のぞむ,男
だい,男
けんせい,男
渡辺,男
あい,女
うえの,女
こま,女
ふう,女
みらん,女
たくみ,男
りょうた,男
しょうた,男
ゆうた,男
たいち,男
はると,男
けんた,男
そうた,男
だいすけ,男
りく,男
ひなた,男
しゅん,男
こうた,男
れん,男
れい,女
さくら,女
ほのか,女
りん,女
ゆかり,女
ゆい,女
りお,女
あやか,女
ななみ,女
みゆ,女
りか,女
みほ,女
かすみ,女
大雅,男
すが,男
けいじゅ,男
まなと,男
のぞむ,男
だい,男
けんせい,男
渡辺,男
あい,女
うえの,女
こま,女
ふう,女
みらん,女
たくみ,男
りょうた,男
しょうた,男
ゆうた,男
たいち,男
はると,男
けんた,男
そうた,男
だいすけ,男
りく,男
ひなた,男
しゅん,男
こうた,男
れん,男
れい,女
さくら,女
ほのか,女
りん,女
ゆかり,女
ゆい,女
りお,女
あやか,女
ななみ,女
みゆ,女
りか,女
みほ,女
かすみ,女
大雅,男
すが,男
けいじゅ,男
まなと,男
のぞむ,男
だい,男
けんせい,男
渡辺,男
あい,女
うえの,女
こま,女
ふう,女
みらん,女
たくみ,男
りょうた,男
しょうた,男
ゆうた,男
たいち,男
はると,男
けんた,男
そうた,男
だいすけ,男
りく,男
ひなた,男
しゅん,男
こうた,男
れん,男
れい,女
さくら,女
ほのか,女
りん,女
ゆかり,女
ゆい,女
りお,女
あやか,女
ななみ,女
みゆ,女
りか,女
みほ,女
かすみ,女
大雅,男
すが,男
けいじゅ,男
まなと,男
のぞむ,男
だい,男
けんせい,男
渡辺,男
あい,女
うえの,女
こま,女
ふう,女
みらん,女
たくみ,男
りょうた,男
しょうた,男
ゆうた,男
たいち,男
はると,男
けんた,男
そうた,男
だいすけ,男
りく,男
ひなた,男
しゅん,男
こうた,男
れん,男
れい,女
さくら,女
ほのか,女
りん,女
ゆかり,女
ゆい,女
りお,女
あやか,女
ななみ,女
みゆ,女
りか,女
みほ,女
かすみ,女
大雅,男
すが,男
けいじゅ,男
まなと,男
のぞむ,男
だい,男
けんせい,男
渡辺,男
あい,女
うえの,女
こま,女
ふう,女
みらん,女
たくみ,男
りょうた,男
しょうた,男
ゆうた,男
たいち,男
はると,男
けんた,男
そうた,男
だいすけ,男
りく,男
ひなた,男
しゅん,男
こうた,男
れん,男
れい,女
さくら,女
ほのか,女
りん,女
ゆかり,女
ゆい,女
りお,女
あやか,女
ななみ,女
みゆ,女
りか,女
みほ,女
かすみ,女
大雅,男
すが,男
けいじゅ,男
まなと,男
のぞむ,男
だい,男
けんせい,男
渡辺,男
あい,女
うえの,女
こま,女
ふう,女
みらん,女
たくみ,男
りょうた,男
しょうた,男
ゆうた,男
たいち,男
はると,男
けんた,男
そうた,男
だいすけ,男
りく,男
ひなた,男
しゅん,男
こうた,男
れん,男
れい,女
さくら,女
ほのか,女
りん,女
ゆかり,女
ゆい,女
りお,女
あやか,女
ななみ,女
みゆ,女
りか,女
みほ,女
かすみ,女
大雅,男
すが,男
けいじゅ,男
まなと,男
のぞむ,男
だい,男
けんせい,男
渡辺,男
あい,女
うえの,女
こま,女
ふう,女
みらん,女
たくみ,男
りょうた,男
しょうた,男
ゆうた,男
たいち,男
はると,男
けんた,男
そうた,男
だいすけ,男
りく,男
ひなた,男
しゅん,男
こうた,男
れん,男
れい,女
さくら,女
ほのか,女
りん,女
ゆかり,女
ゆい,女
りお,女
あやか,女
ななみ,女
みゆ,女
りか,女
みほ,女
かすみ,女
大雅,男
すが,男
けいじゅ,男
まなと,男
のぞむ,男
だい,男
けんせい,男
渡辺,男
あい,女
うえの,女
こま,女
ふう,女
みらん,女
たくみ,男
りょうた,男
しょうた,男
ゆうた,男
たいち,男
はると,男
けんた,男
そうた,男
だいすけ,男
りく,男
ひなた,男
しゅん,男
こうた,男
れん,男
れい,女
さくら,女
ほのか,女
りん,女
ゆかり,女
ゆい,女
りお,女
あやか,女
ななみ,女
みゆ,女
りか,女
みほ,女
かすみ,女
大雅,男
すが,男
けいじゅ,男
まなと,男
のぞむ,男
だい,男
けんせい,男
渡辺,男
あい,女
うえの,女
こま,女
ふう,女
みらん,女
たくみ,男
りょうた,男
しょうた,男
ゆうた,男
たいち,男
はると,男
けんた,男
そうた,男
だいすけ,男
りく,男
ひなた,男
しゅん,男
こうた,男
れん,男
れい,女
さくら,女
ほのか,女
りん,女
ゆかり,女
ゆい,女
りお,女
あやか,女
ななみ,女
みゆ,女
りか,女
みほ,女
かすみ,女
大雅,男
すが,男
けいじゅ,男
まなと,男
のぞむ,男
だい,男
けんせい,男
渡辺,男
あい,女
うえの,女
こま,女
ふう,女
みらん,女
たくみ,男
りょうた,男
しょうた,男
ゆうた,男
たいち,男
はると,男
けんた,男
そうた,男
だいすけ,男
りく,男
ひなた,男
しゅん,男
こうた,男
れん,男
れい,女
さくら,女
ほのか,女
りん,女
ゆかり,女
ゆい,女
りお,女
あやか,女
ななみ,女
みゆ,女
りか,女
みほ,女
かすみ,女
大雅,男
すが,男
けいじゅ,男
まなと,男
のぞむ,男
だい,男
けんせい,男
渡辺,男
あい,女
うえの,女
こま,女
ふう,女
みらん,女
たくみ,男
りょうた,男
しょうた,男
ゆうた,男
たいち,男
はると,男
けんた,男
そうた,男
だいすけ,男
りく,男
ひなた,男
しゅん,男
こうた,男
れん,男
れい,女
さくら,女
ほのか,女
りん,女
ゆかり,女
ゆい,女
りお,女
あやか,女
ななみ,女
みゆ,女
りか,女
みほ,女
かすみ,女
大雅,男
すが,男
けいじゅ,男
まなと,男
のぞむ,男
だい,男
けんせい,男
渡辺,男
あい,女
うえの,女
こま,女
ふう,女
みらん,女
たくみ,男
りょうた,男
しょうた,男
ゆうた,男
たいち,男
はると,男
けんた,男
そうた,男
だいすけ,男
りく,男
ひなた,男
しゅん,男
こうた,男
れん,男
れい,女
さくら,女
ほのか,女
りん,女
ゆかり,女
ゆい,女
りお,女
あやか,女
ななみ,女
みゆ,女
りか,女
みほ,女
かすみ,女
大雅,男
すが,男
けいじゅ,男
まなと,男
のぞむ,男
だい,男
けんせい,男
渡辺,男
あい,女
うえの,女
こま,女
ふう,女
みらん,女
たくみ,男
りょうた,男
しょうた,男
ゆうた,男
たいち,男
はると,男
けんた,男
そうた,男
だいすけ,男
りく,男
ひなた,男
しゅん,男
こうた,男
れん,男
れい,女
さくら,女
ほのか,女
りん,女
ゆかり,女
ゆい,女
りお,女
あやか,女
ななみ,女
みゆ,女
りか,女
みほ,女
かすみ,女
大雅,男
すが,男
けいじゅ,男
まなと,男
のぞむ,男
だい,男
けんせい,男
渡辺,男
あい,女
うえの,女
こま,女
ふう,女
みらん,女
たくみ,男
りょうた,男
しょうた,男
ゆうた,男
たいち,男
はると,男
けんた,男
そうた,男
だいすけ,男
りく,男
ひなた,男
しゅん,男
こうた,男
れん,男
れい,女
さくら,女
ほのか,女
りん,女
ゆかり,女
ゆい,女
りお,女
あやか,女
ななみ,女
みゆ,女
りか,女
みほ,女
かすみ,女
大雅,男
すが,男
けいじゅ,男
まなと,男
のぞむ,男
だい,男
けんせい,男
渡辺,男
あい,女
うえの,女
こま,女
ふう,女
みらん,女
たくみ,男
りょうた,男
しょうた,男
ゆうた,男
たいち,男
はると,男
けんた,男
そうた,男
だいすけ,男
りく,男
ひなた,男
しゅん,男
こうた,男
れん,男
れい,女
さくら,女
ほのか,女
りん,女
ゆかり,女
ゆい,女
りお,女
あやか,女
ななみ,女
みゆ,女
りか,女
みほ,女
かすみ,女
大雅,男
すが,男
けいじゅ,男
まなと,男
のぞむ,男
だい,男
けんせい,男
渡辺,男
あい,女
うえの,女
こま,女
ふう,女
みらん,女
たくみ,男
りょうた,男
しょうた,男
ゆうた,男
たいち,男
はると,男
けんた,男
そうた,男
だいすけ,男
りく,男
ひなた,男
しゅん,男
こうた,男
れん,男
れい,女
さくら,女
ほのか,女
りん,女
ゆかり,女
ゆい,女
りお,女
あやか,女
ななみ,女
みゆ,女
りか,女
みほ,女
かすみ,女
大雅,男
すが,男
けいじゅ,男
まなと,男
のぞむ,男
だい,男
けんせい,男
渡辺,男
あい,女
うえの,女
こま,女
ふう,女
みらん,女
たくみ,男
りょうた,男
しょうた,男
ゆうた,男
たいち,男
はると,男
けんた,男
そうた,男
だいすけ,男
りく,男
ひなた,男
しゅん,男
こうた,男
れん,男
れい,女
さくら,女
ほのか,女
りん,女
ゆかり,女
ゆい,女
りお,女
あやか,女
ななみ,女
みゆ,女
りか,女
みほ,女
かすみ,女
大雅,男
すが,男
けいじゅ,男
まなと,男
のぞむ,男
だい,男
けんせい,男
渡辺,男
あい,女
うえの,女
こま,女
ふう,女
みらん,女
たくみ,男
りょうた,男
しょうた,男
ゆうた,男
たいち,男
はると,男
けんた,男
そうた,男
だいすけ,男
りく,男
ひなた,男
しゅん,男
こうた,男
れん,男
れい,女
さくら,女
ほのか,女
りん,女
ゆかり,女
ゆい,女
りお,女
あやか,女
ななみ,女
みゆ,女
りか,女
みほ,女
かすみ,女
大雅,男
すが,男
けいじゅ,男
まなと,男
のぞむ,男
だい,男
けんせい,男
渡辺,男
あい,女
うえの,女
こま,女
ふう,女
みらん,女
たくみ,男
りょうた,男
しょうた,男
ゆうた,男
たいち,男
はると,男
けんた,男
そうた,男
だいすけ,男
りく,男
ひなた,男
しゅん,男
こうた,男
れん,男
れい,女
さくら,女
ほのか,女
りん,女
ゆかり,女
ゆい,女
りお,女
あやか,女
ななみ,女
みゆ,女
りか,女
みほ,女
かすみ,女
大雅,男
すが,男
けいじゅ,男
まなと,男
のぞむ,男
だい,男
けんせい,男
渡辺,男
あい,女
うえの,女
こま,女
ふう,女
みらん,女
たくみ,男
りょうた,男
しょうた,男
ゆうた,男
たいち,男
はると,男
けんた,男
そうた,男
だいすけ,男
りく,男
ひなた,男
しゅん,男
こうた,男
れん,男
れい,女
さくら,女
ほのか,女
りん,女
ゆかり,女
ゆい,女
りお,女
あやか,女
ななみ,女
みゆ,女
りか,女
みほ,女
かすみ,女
大雅,男
すが,男
けいじゅ,男
まなと,男
のぞむ,男
だい,男
けんせい,男
渡辺,男
あい,女
うえの,女
こま,女
ふう,女
みらん,女
たくみ,男
りょうた,男
しょうた,男
ゆうた,男
たいち,男
はると,男
けんた,男
そうた,男
だいすけ,男
りく,男
ひなた,男
しゅん,男
こうた,男
れん,男
れい,女
さくら,女
ほのか,女
りん,女
ゆかり,女
ゆい,女
りお,女
あやか,女
ななみ,女
みゆ,女
りか,女
みほ,女
かすみ,女
大雅,男
すが,男
けいじゅ,男
まなと,男
のぞむ,男
だい,男
けんせい,男
渡辺,男
あい,女
うえの,女
こま,女
ふう,女
みらん,女
たくみ,男
りょうた,男
しょうた,男
ゆうた,男
たいち,男
はると,男
けんた,男
そうた,男
だいすけ,男
りく,男
ひなた,男
しゅん,男
こうた,男
れん,男
れい,女
さくら,女
ほのか,女
りん,女
ゆかり,女
ゆい,女
りお,女
あやか,女
ななみ,女
みゆ,女
りか,女
みほ,女
かすみ,女
大雅,男
すが,男
けいじゅ,男
まなと,男
のぞむ,男
だい,男
けんせい,男
渡辺,男
あい,女
うえの,女
こま,女
ふう,女
みらん,女
たくみ,男
りょうた,男
しょうた,男
ゆうた,男
たいち,男
はると,男
けんた,男
そうた,男
だいすけ,男
りく,男
ひなた,男
しゅん,男
こうた,男
れん,男
れい,女
さくら,女
ほのか,女
りん,女
ゆかり,女
ゆい,女
りお,女
あやか,女
ななみ,女
みゆ,女
りか,女
みほ,女
かすみ,女
かすみ,女
大雅,男
すが,男
けいじゅ,男
まなと,男
のぞむ,男
だい,男
けんせい,男
渡辺,男
あい,女
うえの,女
こま,女
ふう,女
みらん,女
たくみ,男
りょうた,男
しょうた,男
ゆうた,男
たいち,男
はると,男
けんた,男
そうた,男
だいすけ,男
りく,男
ひなた,男
しゅん,男
こうた,男
れん,男
れい,女
さくら,女
ほのか,女
りん,女
ゆかり,女
ゆい,女
りお,女
あやか,女
ななみ,女
みゆ,女
りか,女
みほ,女
かすみ,女
大雅,男
すが,男
けいじゅ,男
まなと,男
のぞむ,男
だい,男
けんせい,男
渡辺,男
あい,女
うえの,女
こま,女
ふう,女
みらん,女
たくみ,男
りょうた,男
しょうた,男
ゆうた,男
たいち,男
はると,男
けんた,男
そうた,男
だいすけ,男
りく,男
ひなた,男
しゅん,男
こうた,男
れん,男
れい,女
さくら,女
ほのか,女
りん,女
ゆかり,女
ゆい,女
りお,女
あやか,女
ななみ,女
みゆ,女
りか,女
みほ,女
大雅,男
すが,男
けいじゅ,男
まなと,男
のぞむ,男
だい,男
けんせい,男
渡辺,男
あい,女
うえの,女
こま,女
ふう,女
みらん,女
たくみ,男
りょうた,男
しょうた,男
ゆうた,男
たいち,男
はると,男
けんた,男
そうた,男
だいすけ,男
りく,男
ひなた,男
しゅん,男
こうた,男
れん,男
れい,女
さくら,女
ほのか,女
りん,女
ゆかり,女
ゆい,女
りお,女
あやか,女
ななみ,女
みゆ,女
りか,女
みほ,女
かすみ,女
大雅,男
すが,男
けいじゅ,男
まなと,男
のぞむ,男
だい,男
けんせい,男
渡辺,男
あい,女
うえの,女
こま,女
ふう,女
みらん,女
たくみ,男
りょうた,男
しょうた,男
ゆうた,男
たいち,男
はると,男
けんた,男
そうた,男
だいすけ,男
りく,男
ひなた,男
しゅん,男
こうた,男
れん,男
れい,女
さくら,女
ほのか,女
りん,女
ゆかり,女
ゆい,女
りお,女
あやか,女
ななみ,女
みゆ,女
りか,女
みほ,女
かすみ,女
大雅,男
すが,男
けいじゅ,男
まなと,男
のぞむ,男
だい,男
けんせい,男
渡辺,男
あい,女
うえの,女
こま,女
ふう,女
みらん,女
たくみ,男
りょうた,男
しょうた,男
ゆうた,男
たいち,男
はると,男
けんた,男
そうた,男
だいすけ,男
りく,男
ひなた,男
しゅん,男
こうた,男
れん,男
れい,女
さくら,女
ほのか,女
りん,女
ゆかり,女
ゆい,女
りお,女
あやか,女
ななみ,女
みゆ,女
りか,女
みほ,女
かすみ,女
大雅,男
すが,男
けいじゅ,男
まなと,男
のぞむ,男
だい,男
けんせい,男
渡辺,男
あい,女
うえの,女
こま,女
ふう,女
みらん,女
たくみ,男
りょうた,男
しょうた,男
ゆうた,男
たいち,男
はると,男
けんた,男
そうた,男
だいすけ,男
りく,男
ひなた,男
しゅん,男
こうた,男
れん,男
れい,女
さくら,女
ほのか,女
りん,女
ゆかり,女
ゆい,女
りお,女
あやか,女
ななみ,女
みゆ,女
りか,女
みほ,女
かすみ,女
大雅,男
すが,男
けいじゅ,男
まなと,男
のぞむ,男
だい,男
けんせい,男
渡辺,男
あい,女
うえの,女
こま,女
ふう,女
みらん,女
たくみ,男
りょうた,男
しょうた,男
ゆうた,男
たいち,男
はると,男
けんた,男
そうた,男
だいすけ,男
りく,男
ひなた,男
しゅん,男
こうた,男
れん,男
れい,女
さくら,女
ほのか,女
りん,女
ゆかり,女
ゆい,女
りお,女
あやか,女
ななみ,女
みゆ,女
りか,女
みほ,女
かすみ,女
大雅,男
すが,男
けいじゅ,男
まなと,男
のぞむ,男
だい,男
けんせい,男
渡辺,男
あい,女
うえの,女
こま,女
ふう,女
みらん,女
たくみ,男
りょうた,男
しょうた,男
ゆうた,男
たいち,男
はると,男
けんた,男
そうた,男
だいすけ,男
りく,男
ひなた,男
しゅん,男
こうた,男
れん,男
れい,女
さくら,女
ほのか,女
りん,女
ゆかり,女
ゆい,女
りお,女
あやか,女
ななみ,女
みゆ,女
りか,女
みほ,女
かすみ,女
大雅,男
すが,男
けいじゅ,男
まなと,男
のぞむ,男
だい,男
けんせい,男
渡辺,男
あい,女
うえの,女
こま,女
ふう,女
みらん,女
たくみ,男
りょうた,男
しょうた,男
ゆうた,男
たいち,男
はると,男
けんた,男
そうた,男
だいすけ,男
りく,男
ひなた,男
しゅん,男
こうた,男
れん,男
れい,女
さくら,女
ほのか,女
りん,女
ゆかり,女
ゆい,女
りお,女
あやか,女
ななみ,女
みゆ,女
りか,女
みほ,女
かすみ,女
大雅,男
すが,男
けいじゅ,男
まなと,男
のぞむ,男
だい,男
けんせい,男
渡辺,男
あい,女
うえの,女
こま,女
ふう,女
みらん,女
たくみ,男
りょうた,男
しょうた,男
ゆうた,男
たいち,男
はると,男
けんた,男
そうた,男
だいすけ,男
りく,男
ひなた,男
しゅん,男
こうた,男
れん,男
れい,女
さくら,女
ほのか,女
りん,女
ゆかり,女
ゆい,女
りお,女
あやか,女
ななみ,女
みゆ,女
りか,女
みほ,女
かすみ,女
大雅,男
すが,男
けいじゅ,男
まなと,男
のぞむ,男
だい,男
けんせい,男
渡辺,男
あい,女
うえの,女
こま,女
ふう,女
みらん,女
たくみ,男
りょうた,男
しょうた,男
ゆうた,男
たいち,男
はると,男
けんた,男
そうた,男
だいすけ,男
りく,男
ひなた,男
しゅん,男
こうた,男
れん,男
れい,女
さくら,女
ほのか,女
りん,女
ゆかり,女
ゆい,女
りお,女
あやか,女
ななみ,女
みゆ,女
りか,女
みほ,女
かすみ,女
大雅,男
すが,男
けいじゅ,男
まなと,男
のぞむ,男
だい,男
けんせい,男
渡辺,男
あい,女
うえの,女
こま,女
ふう,女
みらん,女
たくみ,男
りょうた,男
しょうた,男
ゆうた,男
たいち,男
はると,男
けんた,男
そうた,男
だいすけ,男
りく,男
ひなた,男
しゅん,男
こうた,男
れん,男
れい,女
さくら,女
ほのか,女
りん,女
ゆかり,女
ゆい,女
りお,女
あやか,女
ななみ,女
みゆ,女
りか,女
みほ,女
かすみ,女
大雅,男
すが,男
けいじゅ,男
まなと,男
のぞむ,男
だい,男
けんせい,男
渡辺,男
あい,女
うえの,女
こま,女
ふう,女
みらん,女
たくみ,男
りょうた,男
しょうた,男
ゆうた,男
たいち,男
はると,男
けんた,男
そうた,男
だいすけ,男
りく,男
ひなた,男
しゅん,男
こうた,男
れん,男
れい,女
さくら,女
ほのか,女
りん,女
ゆかり,女
ゆい,女
りお,女
あやか,女
ななみ,女
みゆ,女
りか,女
みほ,女
かすみ,女
大雅,男
すが,男
けいじゅ,男
まなと,男
のぞむ,男
だい,男
けんせい,男
渡辺,男
あい,女
うえの,女
こま,女
ふう,女
みらん,女
たくみ,男
りょうた,男
しょうた,男
ゆうた,男
たいち,男
はると,男
けんた,男
そうた,男
だいすけ,男
りく,男
ひなた,男
しゅん,男
こうた,男
れん,男
れい,女
さくら,女
ほのか,女
りん,女
ゆかり,女
ゆい,女
りお,女
あやか,女
ななみ,女
みゆ,女
りか,女
みほ,女
かすみ,女
大雅,男
すが,男
けいじゅ,男
まなと,男
のぞむ,男
だい,男
けんせい,男
渡辺,男
あい,女
うえの,女
こま,女
ふう,女
みらん,女
たくみ,男
りょうた,男
しょうた,男
ゆうた,男
たいち,男
はると,男
けんた,男
そうた,男
だいすけ,男
りく,男
ひなた,男
しゅん,男
こうた,男
れん,男
れい,女
さくら,女
ほのか,女
りん,女
ゆかり,女
ゆい,女
りお,女
あやか,女
ななみ,女
みゆ,女
りか,女
みほ,女
かすみ,女
大雅,男
すが,男
けいじゅ,男
まなと,男
のぞむ,男
だい,男
けんせい,男
渡辺,男
あい,女
うえの,女
こま,女
ふう,女
みらん,女
たくみ,男
りょうた,男
しょうた,男
ゆうた,男
たいち,男
はると,男
けんた,男
そうた,男
だいすけ,男
りく,男
ひなた,男
しゅん,男
こうた,男
れん,男
れい,女
さくら,女
ほのか,女
りん,女
ゆかり,女
ゆい,女
りお,女
あやか,女
ななみ,女
みゆ,女
りか,女
みほ,女
かすみ,女
大雅,男
すが,男
けいじゅ,男
まなと,男
のぞむ,男
だい,男
けんせい,男
渡辺,男
あい,女
うえの,女
こま,女
ふう,女
みらん,女
たくみ,男
りょうた,男
しょうた,男
ゆうた,男
たいち,男
はると,男
けんた,男
そうた,男
だいすけ,男
りく,男
ひなた,男
しゅん,男
こうた,男
れん,男
れい,女
さくら,女
ほのか,女
りん,女
ゆかり,女
ゆい,女
りお,女
あやか,女
ななみ,女
みゆ,女
りか,女
みほ,女
かすみ,女
大雅,男
すが,男
けいじゅ,男
まなと,男
のぞむ,男
だい,男
けんせい,男
渡辺,男
あい,女
うえの,女
こま,女
ふう,女
みらん,女
たくみ,男
りょうた,男
しょうた,男
ゆうた,男
たいち,男
はると,男
けんた,男
そうた,男
だいすけ,男
りく,男
ひなた,男
しゅん,男
こうた,男
れん,男
れい,女
さくら,女
ほのか,女
りん,女
ゆかり,女
ゆい,女
りお,女
あやか,女
ななみ,女
みゆ,女
りか,女
みほ,女
かすみ,女
大雅,男
すが,男
けいじゅ,男
まなと,男
のぞむ,男
だい,男
けんせい,男
渡辺,男
あい,女
うえの,女
こま,女
ふう,女
みらん,女
たくみ,男
りょうた,男
しょうた,男
ゆうた,男
たいち,男
はると,男
けんた,男
そうた,男
だいすけ,男
りく,男
ひなた,男
しゅん,男
こうた,男
れん,男
れい,女
さくら,女
ほのか,女
りん,女
ゆかり,女
ゆい,女
りお,女
あやか,女
ななみ,女
みゆ,女
りか,女
みほ,女
かすみ,女
大雅,男
すが,男
けいじゅ,男
まなと,男
のぞむ,男
だい,男
けんせい,男
渡辺,男
あい,女
うえの,女
こま,女
ふう,女
みらん,女
たくみ,男
りょうた,男
しょうた,男
ゆうた,男
たいち,男
はると,男
けんた,男
そうた,男
だいすけ,男
りく,男
ひなた,男
しゅん,男
こうた,男
れん,男
れい,女
さくら,女
ほのか,女
りん,女
ゆかり,女
ゆい,女
りお,女
あやか,女
ななみ,女
みゆ,女
りか,女
みほ,女
かすみ,女
大雅,男
すが,男
けいじゅ,男
まなと,男
のぞむ,男
だい,男
けんせい,男
渡辺,男
あい,女
うえの,女
こま,女
ふう,女
みらん,女
たくみ,男
りょうた,男
しょうた,男
ゆうた,男
たいち,男
はると,男
けんた,男
そうた,男
だいすけ,男
りく,男
ひなた,男
しゅん,男
こうた,男
れん,男
れい,女
さくら,女
ほのか,女
りん,女
ゆかり,女
ゆい,女
りお,女
あやか,女
ななみ,女
みゆ,女
りか,女
みほ,女
かすみ,女
大雅,男
すが,男
けいじゅ,男
まなと,男
のぞむ,男
だい,男
けんせい,男
渡辺,男
あい,女
うえの,女
こま,女
ふう,女
みらん,女
たくみ,男
りょうた,男
しょうた,男
ゆうた,男
たいち,男
はると,男
けんた,男
そうた,男
だいすけ,男
りく,男
ひなた,男
しゅん,男
こうた,男
れん,男
れい,女
さくら,女
ほのか,女
りん,女
ゆかり,女
ゆい,女
りお,女
あやか,女
ななみ,女
みゆ,女
りか,女
みほ,女
かすみ,女
大雅,男
すが,男
けいじゅ,男
まなと,男
のぞむ,男
だい,男
けんせい,男
渡辺,男
あい,女
うえの,女
こま,女
ふう,女
みらん,女
たくみ,男
りょうた,男
しょうた,男
ゆうた,男
たいち,男
はると,男
けんた,男
そうた,男
だいすけ,男
りく,男
ひなた,男
しゅん,男
こうた,男
れん,男
れい,女
さくら,女
ほのか,女
りん,女
ゆかり,女
ゆい,女
りお,女
あやか,女
ななみ,女
みゆ,女
りか,女
みほ,女
かすみ,女
大雅,男
すが,男
けいじゅ,男
まなと,男
のぞむ,男
だい,男
けんせい,男
渡辺,男
あい,女
うえの,女
こま,女
ふう,女
みらん,女
たくみ,男
りょうた,男
しょうた,男
ゆうた,男
たいち,男
はると,男
けんた,男
そうた,男
だいすけ,男
りく,男
ひなた,男
しゅん,男
こうた,男
れん,男
れい,女
さくら,女
ほのか,女
りん,女
ゆかり,女
ゆい,女
りお,女
あやか,女
ななみ,女
みゆ,女
りか,女
みほ,女
かすみ,女
大雅,男
すが,男
けいじゅ,男
まなと,男
のぞむ,男
だい,男
けんせい,男
渡辺,男
あい,女
うえの,女
こま,女
ふう,女
みらん,女
たくみ,男
りょうた,男
しょうた,男
ゆうた,男
たいち,男
はると,男
けんた,男
そうた,男
だいすけ,男
りく,男
ひなた,男
しゅん,男
こうた,男
れん,男
れい,女
さくら,女
ほのか,女
りん,女
ゆかり,女
ゆい,女
りお,女
あやか,女
ななみ,女
みゆ,女
りか,女
みほ,女
かすみ,女
かすみ,女
大雅,男
すが,男
けいじゅ,男
まなと,男
のぞむ,男
だい,男
けんせい,男
渡辺,男
あい,女
うえの,女
こま,女
ふう,女
みらん,女
たくみ,男
りょうた,男
しょうた,男
ゆうた,男
たいち,男
はると,男
けんた,男
そうた,男
だいすけ,男
りく,男
ひなた,男
しゅん,男
こうた,男
れん,男
れい,女
さくら,女
ほのか,女
りん,女
ゆかり,女
ゆい,女
りお,女
あやか,女
ななみ,女
みゆ,女
りか,女
みほ,女
かすみ,女
大雅,男
すが,男
けいじゅ,男
まなと,男
のぞむ,男
だい,男
けんせい,男
渡辺,男
あい,女
うえの,女
こま,女
ふう,女
みらん,女
たくみ,男
りょうた,男
しょうた,男
ゆうた,男
たいち,男
はると,男
けんた,男
そうた,男
だいすけ,男
りく,男
ひなた,男
しゅん,男
こうた,男
れん,男
れい,女
さくら,女
ほのか,女
りん,女
ゆかり,女
ゆい,女
りお,女
あやか,女
ななみ,女
みゆ,女
りか,女
みほ,女
大雅,男
すが,男
けいじゅ,男
まなと,男
のぞむ,男
だい,男
けんせい,男
渡辺,男
あい,女
うえの,女
こま,女
ふう,女
みらん,女
たくみ,男
りょうた,男
しょうた,男
ゆうた,男
たいち,男
はると,男
けんた,男
そうた,男
だいすけ,男
りく,男
ひなた,男
しゅん,男
こうた,男
れん,男
れい,女
さくら,女
ほのか,女
りん,女
ゆかり,女
ゆい,女
りお,女
あやか,女
ななみ,女
みゆ,女
りか,女
みほ,女
かすみ,女
大雅,男
すが,男
けいじゅ,男
まなと,男
のぞむ,男
だい,男
けんせい,男
渡辺,男
あい,女
うえの,女
こま,女
ふう,女
みらん,女
たくみ,男
りょうた,男
しょうた,男
ゆうた,男
たいち,男
はると,男
けんた,男
そうた,男
だいすけ,男
りく,男
ひなた,男
しゅん,男
こうた,男
れん,男
れい,女
さくら,女
ほのか,女
りん,女
ゆかり,女
ゆい,女
りお,女
あやか,女
ななみ,女
みゆ,女
りか,女
みほ,女
かすみ,女
大雅,男
すが,男
けいじゅ,男
まなと,男
のぞむ,男
だい,男
けんせい,男
渡辺,男
あい,女
うえの,女
こま,女
ふう,女
みらん,女
たくみ,男
りょうた,男
しょうた,男
ゆうた,男
たいち,男
はると,男
けんた,男
そうた,男
だいすけ,男
りく,男
ひなた,男
しゅん,男
こうた,男
れん,男
れい,女
さくら,女
ほのか,女
りん,女
ゆかり,女
ゆい,女
りお,女
あやか,女
ななみ,女
みゆ,女
りか,女
みほ,女
かすみ,女
大雅,男
すが,男
けいじゅ,男
まなと,男
のぞむ,男
だい,男
けんせい,男
渡辺,男
あい,女
うえの,女
こま,女
ふう,女
みらん,女
たくみ,男
りょうた,男
しょうた,男
ゆうた,男
たいち,男
はると,男
けんた,男
そうた,男
だいすけ,男
りく,男
ひなた,男
しゅん,男
こうた,男
れん,男
れい,女
さくら,女
ほのか,女
りん,女
ゆかり,女
ゆい,女
りお,女
あやか,女
ななみ,女
みゆ,女
りか,女
みほ,女
かすみ,女
大雅,男
すが,男
けいじゅ,男
まなと,男
のぞむ,男
だい,男
けんせい,男
渡辺,男
あい,女
うえの,女
こま,女
ふう,女
みらん,女
たくみ,男
りょうた,男
しょうた,男
ゆうた,男
たいち,男
はると,男
けんた,男
そうた,男
だいすけ,男
りく,男
ひなた,男
しゅん,男
こうた,男
れん,男
れい,女
さくら,女
ほのか,女
りん,女
ゆかり,女
ゆい,女
りお,女
あやか,女
ななみ,女
みゆ,女
りか,女
みほ,女
かすみ,女
大雅,男
すが,男
けいじゅ,男
まなと,男
のぞむ,男
だい,男
けんせい,男
渡辺,男
あい,女
うえの,女
こま,女
ふう,女
みらん,女
たくみ,男
りょうた,男
しょうた,男
ゆうた,男
たいち,男
はると,男
けんた,男
そうた,男
だいすけ,男
りく,男
ひなた,男
しゅん,男
こうた,男
れん,男
れい,女
さくら,女
ほのか,女
りん,女
ゆかり,女
ゆい,女
りお,女
あやか,女
ななみ,女
みゆ,女
りか,女
みほ,女
かすみ,女
大雅,男
すが,男
けいじゅ,男
まなと,男
のぞむ,男
だい,男
けんせい,男
渡辺,男
あい,女
うえの,女
こま,女
ふう,女
みらん,女
たくみ,男
りょうた,男
しょうた,男
ゆうた,男
たいち,男
はると,男
けんた,男
そうた,男
だいすけ,男
りく,男
ひなた,男
しゅん,男
こうた,男
れん,男
れい,女
さくら,女
ほのか,女
りん,女
ゆかり,女
ゆい,女
りお,女
あやか,女
ななみ,女
みゆ,女
りか,女
みほ,女
かすみ,女
大雅,男
すが,男
けいじゅ,男
まなと,男
のぞむ,男
だい,男
けんせい,男
渡辺,男
あい,女
うえの,女
こま,女
ふう,女
みらん,女
たくみ,男
りょうた,男
しょうた,男
ゆうた,男
たいち,男
はると,男
けんた,男
そうた,男
だいすけ,男
りく,男
ひなた,男
しゅん,男
こうた,男
れん,男
れい,女
さくら,女
ほのか,女
りん,女
ゆかり,女
ゆい,女
りお,女
あやか,女
ななみ,女
みゆ,女
りか,女
みほ,女
かすみ,女
大雅,男
すが,男
けいじゅ,男
まなと,男
のぞむ,男
だい,男
けんせい,男
渡辺,男
あい,女
うえの,女
こま,女
ふう,女
みらん,女
たくみ,男
りょうた,男
しょうた,男
ゆうた,男
たいち,男
はると,男
けんた,男
そうた,男
だいすけ,男
りく,男
ひなた,男
しゅん,男
こうた,男
れん,男
れい,女
さくら,女
ほのか,女
りん,女
ゆかり,女
ゆい,女
りお,女
あやか,女
ななみ,女
みゆ,女
りか,女
みほ,女
かすみ,女
大雅,男
すが,男
けいじゅ,男
まなと,男
のぞむ,男
だい,男
けんせい,男
渡辺,男
あい,女
うえの,女
こま,女
ふう,女
みらん,女
たくみ,男
りょうた,男
しょうた,男
ゆうた,男
たいち,男
はると,男
けんた,男
そうた,男
だいすけ,男
りく,男
ひなた,男
しゅん,男
こうた,男
れん,男
れい,女
さくら,女
ほのか,女
りん,女
ゆかり,女
ゆい,女
りお,女
あやか,女
ななみ,女
みゆ,女
りか,女
みほ,女
かすみ,女
大雅,男
すが,男
けいじゅ,男
まなと,男
のぞむ,男
だい,男
けんせい,男
渡辺,男
あい,女
うえの,女
こま,女
ふう,女
みらん,女
たくみ,男
りょうた,男
しょうた,男
ゆうた,男
たいち,男
はると,男
けんた,男
そうた,男
だいすけ,男
りく,男
ひなた,男
しゅん,男
こうた,男
れん,男
れい,女
さくら,女
ほのか,女
りん,女
ゆかり,女
ゆい,女
りお,女
あやか,女
ななみ,女
みゆ,女
りか,女
みほ,女
かすみ,女
大雅,男
すが,男
けいじゅ,男
まなと,男
のぞむ,男
だい,男
けんせい,男
渡辺,男
あい,女
うえの,女
こま,女
ふう,女
みらん,女
たくみ,男
りょうた,男
しょうた,男
ゆうた,男
たいち,男
はると,男
けんた,男
そうた,男
だいすけ,男
りく,男
ひなた,男
しゅん,男
こうた,男
れん,男
れい,女
さくら,女
ほのか,女
りん,女
ゆかり,女
ゆい,女
りお,女
あやか,女
ななみ,女
みゆ,女
りか,女
みほ,女
かすみ,女
大雅,男
すが,男
けいじゅ,男
まなと,男
のぞむ,男
だい,男
けんせい,男
渡辺,男
あい,女
うえの,女
こま,女
ふう,女
みらん,女
たくみ,男
りょうた,男
しょうた,男
ゆうた,男
たいち,男
はると,男
けんた,男
そうた,男
だいすけ,男
りく,男
ひなた,男
しゅん,男
こうた,男
れん,男
れい,女
さくら,女
ほのか,女
りん,女
ゆかり,女
ゆい,女
りお,女
あやか,女
ななみ,女
みゆ,女
りか,女
みほ,女
かすみ,女
大雅,男
すが,男
けいじゅ,男
まなと,男
のぞむ,男
だい,男
けんせい,男
渡辺,男
あい,女
うえの,女
こま,女
ふう,女
みらん,女
たくみ,男
りょうた,男
しょうた,男
ゆうた,男
たいち,男
はると,男
けんた,男
そうた,男
だいすけ,男
りく,男
ひなた,男
しゅん,男
こうた,男
れん,男
れい,女
さくら,女
ほのか,女
りん,女
ゆかり,女
ゆい,女
りお,女
あやか,女
ななみ,女
みゆ,女
りか,女
みほ,女
かすみ,女
大雅,男
すが,男
けいじゅ,男
まなと,男
のぞむ,男
だい,男
けんせい,男
渡辺,男
あい,女
うえの,女
こま,女
ふう,女
みらん,女
たくみ,男
りょうた,男
しょうた,男
ゆうた,男
たいち,男
はると,男
けんた,男
そうた,男
だいすけ,男
りく,男
ひなた,男
しゅん,男
こうた,男
れん,男
れい,女
さくら,女
ほのか,女
りん,女
ゆかり,女
ゆい,女
りお,女
あやか,女
ななみ,女
みゆ,女
りか,女
みほ,女
かすみ,女
大雅,男
すが,男
けいじゅ,男
まなと,男
のぞむ,男
だい,男
けんせい,男
渡辺,男
あい,女
うえの,女
こま,女
ふう,女
みらん,女
たくみ,男
りょうた,男
しょうた,男
ゆうた,男
たいち,男
はると,男
けんた,男
そうた,男
だいすけ,男
りく,男
ひなた,男
しゅん,男
こうた,男
れん,男
れい,女
さくら,女
ほのか,女
りん,女
ゆかり,女
ゆい,女
りお,女
あやか,女
ななみ,女
みゆ,女
りか,女
みほ,女
かすみ,女
大雅,男
すが,男
けいじゅ,男
まなと,男
のぞむ,男
だい,男
けんせい,男
渡辺,男
あい,女
うえの,女
こま,女
ふう,女
みらん,女
たくみ,男
りょうた,男
しょうた,男
ゆうた,男
たいち,男
はると,男
けんた,男
そうた,男
だいすけ,男
りく,男
ひなた,男
しゅん,男
こうた,男
れん,男
れい,女
さくら,女
ほのか,女
りん,女
ゆかり,女
ゆい,女
りお,女
あやか,女
ななみ,女
みゆ,女
りか,女
みほ,女
かすみ,女
大雅,男
すが,男
けいじゅ,男
まなと,男
のぞむ,男
だい,男
けんせい,男
渡辺,男
あい,女
うえの,女
こま,女
ふう,女
みらん,女
たくみ,男
りょうた,男
しょうた,男
ゆうた,男
たいち,男
はると,男
けんた,男
そうた,男
だいすけ,男
りく,男
ひなた,男
しゅん,男
こうた,男
れん,男
れい,女
さくら,女
ほのか,女
りん,女
ゆかり,女
ゆい,女
りお,女
あやか,女
ななみ,女
みゆ,女
りか,女
みほ,女
かすみ,女
大雅,男
すが,男
けいじゅ,男
まなと,男
のぞむ,男
だい,男
けんせい,男
渡辺,男
あい,女
うえの,女
こま,女
ふう,女
みらん,女
たくみ,男
りょうた,男
しょうた,男
ゆうた,男
たいち,男
はると,男
けんた,男
そうた,男
だいすけ,男
りく,男
ひなた,男
しゅん,男
こうた,男
れん,男
れい,女
さくら,女
ほのか,女
りん,女
ゆかり,女
ゆい,女
りお,女
あやか,女
ななみ,女
みゆ,女
りか,女
みほ,女
かすみ,女
大雅,男
すが,男
けいじゅ,男
まなと,男
のぞむ,男
だい,男
けんせい,男
渡辺,男
あい,女
うえの,女
こま,女
ふう,女
みらん,女
たくみ,男
りょうた,男
しょうた,男
ゆうた,男
たいち,男
はると,男
けんた,男
そうた,男
だいすけ,男
りく,男
ひなた,男
しゅん,男
こうた,男
れん,男
れい,女
さくら,女
ほのか,女
りん,女
ゆかり,女
ゆい,女
りお,女
あやか,女
ななみ,女
みゆ,女
りか,女
みほ,女
かすみ,女
大雅,男
すが,男
けいじゅ,男
まなと,男
のぞむ,男
だい,男
けんせい,男
渡辺,男
あい,女
うえの,女
こま,女
ふう,女
みらん,女
たくみ,男
りょうた,男
しょうた,男
ゆうた,男
たいち,男
はると,男
けんた,男
そうた,男
だいすけ,男
りく,男
ひなた,男
しゅん,男
こうた,男
れん,男
れい,女
さくら,女
ほのか,女
りん,女
ゆかり,女
ゆい,女
りお,女
あやか,女
ななみ,女
みゆ,女
りか,女
みほ,女
かすみ,女
大雅,男
すが,男
けいじゅ,男
まなと,男
のぞむ,男
だい,男
けんせい,男
渡辺,男
あい,女
うえの,女
こま,女
ふう,女
みらん,女
たくみ,男
りょうた,男
しょうた,男
ゆうた,男
たいち,男
はると,男
けんた,男
そうた,男
だいすけ,男
りく,男
ひなた,男
しゅん,男
こうた,男
れん,男
れい,女
さくら,女
ほのか,女
りん,女
ゆかり,女
ゆい,女
りお,女
あやか,女
ななみ,女
みゆ,女
りか,女
みほ,女
かすみ,女
大雅,男
すが,男
けいじゅ,男
まなと,男
のぞむ,男
だい,男
けんせい,男
渡辺,男
あい,女
うえの,女
こま,女
ふう,女
みらん,女
たくみ,男
りょうた,男
しょうた,男
ゆうた,男
たいち,男
はると,男
けんた,男
そうた,男
だいすけ,男
りく,男
ひなた,男
しゅん,男
こうた,男
れん,男
れい,女
さくら,女
ほのか,女
りん,女
ゆかり,女
ゆい,女
りお,女
あやか,女
ななみ,女
みゆ,女
りか,女
みほ,女
かすみ,女
かすみ,女